ZIP,01-01,01-02,01-03,01-04,01-05,01-06,01-07,01-08,01-09,01-10,01-11,01-12,01-13,01-14,01-15,01-16,01-17,01-18,01-19,01-20,01-21,01-22,01-23,01-24,01-25,01-26,01-27,01-28,01-29,01-30,01-31,02-01,02-02,02-03,02-04,02-05,02-06,02-07,02-08,02-09,02-10,02-11,02-12,02-13,02-14,02-15,02-16,02-17,02-18,02-19,02-20,02-21,02-22,02-23,02-24,02-25,02-26,02-27,02-28,02-29,03-01,03-02,03-03,03-04,03-05,03-06,03-07,03-08,03-09,03-10,03-11,03-12,03-13,03-14,03-15,03-16,03-17,03-18,03-19,03-20,03-21,03-22,03-23,03-24,03-25,03-26,03-27,03-28,03-29,03-30,03-31,04-01,04-02,04-03,04-04,04-05,04-06,04-07,04-08,04-09,04-10,04-11,04-12,04-13,04-14,04-15,04-16,04-17,04-18,04-19,04-20,04-21,04-22,04-23,04-24,04-25,04-26,04-27,04-28,04-29,04-30,05-01,05-02,05-03,05-04,05-05,05-06,05-07,05-08,05-09,05-10,05-11,05-12,05-13,05-14,05-15,05-16,05-17,05-18,05-19,05-20,05-21,05-22,05-23,05-24,05-25,05-26,05-27,05-28,05-29,05-30,05-31,06-01,06-02,06-03,06-04,06-05,06-06,06-07,06-08,06-09,06-10,06-11,06-12,06-13,06-14,06-15,06-16,06-17,06-18,06-19,06-20,06-21,06-22,06-23,06-24,06-25,06-26,06-27,06-28,06-29,06-30
94102,458.0,490.0,445.0,495.0,472.0,407.0,458.0,412.0,427.0,457.0,470.0,446.0,384.0,293.0,269.0,284.0,303.0,278.0,290.0,352.0,274.0,280.0,266.0,257.0,272.0,307.0,261.0,263.0,234.0,249.0,234.0,424.0,443.0,411.0,383.0,361.0,398.0,381.0,437.0,447.0,376.0,379.0,358.0,382.0,319.0,347.0,312.0,310.0,248.0,298.0,309.0,310.0,275.0,303.0,278.0,355.0,266.0,270.0,295.0,309.0,449.0,360.0,336.0,360.0,355.0,339.0,386.0,419.0,402.0,369.0,331.0,379.0,390.0,411.0,445.0,372.0,467.0,450.0,384.0,404.0,378.0,378.0,395.0,394.0,399.0,393.0,403.0,380.0,389.0,403.0,392.0,489.0,506.0,493.0,520.0,551.0,473.0,485.0,447.0,449.0,426.0,448.0,444.0,433.0,390.0,416.0,431.0,408.0,411.0,424.0,416.0,467.0,438.0,438.0,433.0,408.0,406.0,423.0,436.0,395.0,386.0,502.0,449.0,406.0,457.0,502.0,467.0,477.0,453.0,452.0,449.0,471.0,456.0,468.0,461.0,479.0,428.0,524.0,500.0,514.0,476.0,464.0,480.0,424.0,434.0,452.0,462.0,408.0,425.0,395.0,384.0,431.0,432.0,443.0,446.0,461.0,449.0,391.0,452.0,432.0,413.0,441.0,432.0,411.0,378.0,402.0,402.0,388.0,367.0,367.0,382.0,352.0,360.0,410.0,397.0,384.0,369.0,402.0,366.0,354.0,365.0,388.0
94103,422.0,422.0,366.0,420.0,470.0,371.0,407.0,358.0,356.0,373.0,408.0,429.0,339.0,278.0,239.0,239.0,258.0,264.0,267.0,280.0,251.0,240.0,229.0,214.0,248.0,257.0,224.0,214.0,224.0,206.0,193.0,377.0,396.0,355.0,308.0,276.0,324.0,282.0,370.0,377.0,303.0,302.0,315.0,305.0,258.0,249.0,288.0,270.0,187.0,260.0,244.0,209.0,235.0,281.0,258.0,304.0,238.0,233.0,235.0,270.0,410.0,344.0,333.0,349.0,289.0,295.0,311.0,364.0,359.0,298.0,307.0,342.0,349.0,358.0,379.0,332.0,417.0,399.0,386.0,393.0,374.0,363.0,391.0,402.0,364.0,374.0,357.0,346.0,371.0,379.0,353.0,549.0,539.0,512.0,548.0,590.0,497.0,457.0,456.0,502.0,458.0,472.0,461.0,430.0,490.0,469.0,417.0,397.0,411.0,379.0,400.0,436.0,436.0,447.0,414.0,401.0,443.0,434.0,395.0,419.0,381.0,510.0,471.0,440.0,485.0,471.0,487.0,519.0,466.0,480.0,504.0,461.0,474.0,440.0,421.0,407.0,410.0,540.0,522.0,526.0,524.0,514.0,519.0,462.0,490.0,519.0,528.0,460.0,500.0,534.0,598.0,650.0,649.0,643.0,602.0,602.0,600.0,620.0,613.0,625.0,602.0,623.0,639.0,648.0,608.0,614.0,611.0,495.0,459.0,418.0,427.0,400.0,409.0,598.0,574.0,556.0,575.0,533.0,512.0,548.0,496.0,478.0
94104,52.0,37.0,41.0,40.0,34.0,27.0,35.0,42.0,38.0,30.0,29.0,39.0,40.0,27.0,21.0,29.0,26.0,31.0,31.0,19.0,30.0,46.0,37.0,38.0,18.0,18.0,32.0,43.0,27.0,28.0,21.0,28.0,27.0,43.0,39.0,33.0,29.0,35.0,37.0,37.0,32.0,33.0,33.0,40.0,48.0,37.0,34.0,39.0,22.0,27.0,36.0,35.0,32.0,31.0,35.0,31.0,25.0,31.0,29.0,20.0,34.0,43.0,43.0,44.0,39.0,47.0,23.0,24.0,47.0,37.0,42.0,44.0,47.0,30.0,38.0,38.0,33.0,36.0,25.0,27.0,26.0,27.0,20.0,31.0,27.0,23.0,24.0,22.0,19.0,28.0,39.0,32.0,34.0,28.0,35.0,28.0,36.0,36.0,28.0,35.0,25.0,27.0,37.0,35.0,20.0,28.0,29.0,27.0,28.0,30.0,26.0,30.0,27.0,30.0,29.0,23.0,24.0,35.0,31.0,24.0,22.0,36.0,29.0,29.0,47.0,37.0,37.0,45.0,40.0,30.0,33.0,43.0,34.0,33.0,36.0,43.0,34.0,37.0,30.0,43.0,28.0,27.0,33.0,32.0,30.0,40.0,32.0,35.0,30.0,35.0,36.0,32.0,41.0,29.0,21.0,30.0,28.0,28.0,32.0,28.0,34.0,31.0,31.0,25.0,31.0,21.0,32.0,31.0,29.0,27.0,28.0,28.0,24.0,26.0,23.0,24.0,29.0,27.0,22.0,25.0,27.0,32.0
94105,195.0,179.0,166.0,180.0,205.0,166.0,154.0,153.0,148.0,142.0,176.0,185.0,124.0,105.0,92.0,126.0,134.0,116.0,127.0,144.0,114.0,132.0,87.0,102.0,107.0,111.0,103.0,96.0,81.0,93.0,81.0,134.0,157.0,165.0,138.0,122.0,135.0,143.0,151.0,182.0,143.0,127.0,113.0,130.0,110.0,108.0,135.0,121.0,118.0,129.0,138.0,106.0,100.0,134.0,129.0,178.0,145.0,109.0,129.0,110.0,210.0,194.0,161.0,172.0,169.0,163.0,152.0,194.0,192.0,171.0,154.0,190.0,183.0,177.0,178.0,191.0,216.0,211.0,199.0,203.0,188.0,194.0,210.0,208.0,190.0,190.0,194.0,189.0,180.0,205.0,186.0,271.0,264.0,265.0,271.0,292.0,285.0,268.0,242.0,264.0,245.0,226.0,260.0,266.0,234.0,244.0,238.0,220.0,204.0,222.0,230.0,260.0,234.0,245.0,248.0,213.0,198.0,218.0,231.0,224.0,227.0,285.0,266.0,241.0,268.0,280.0,260.0,276.0,252.0,226.0,259.0,271.0,278.0,278.0,263.0,255.0,203.0,255.0,279.0,283.0,265.0,233.0,244.0,220.0,214.0,246.0,260.0,236.0,245.0,242.0,229.0,268.0,271.0,268.0,255.0,258.0,233.0,218.0,227.0,256.0,235.0,252.0,276.0,230.0,227.0,216.0,249.0,242.0,231.0,219.0,215.0,178.0,193.0,225.0,225.0,225.0,222.0,218.0,190.0,216.0,213.0,234.0
94107,130.0,145.0,169.0,178.0,211.0,188.0,176.0,151.0,142.0,150.0,156.0,167.0,149.0,119.0,108.0,105.0,109.0,102.0,130.0,142.0,93.0,108.0,99.0,103.0,99.0,122.0,105.0,80.0,75.0,79.0,84.0,145.0,163.0,156.0,131.0,121.0,127.0,133.0,176.0,177.0,134.0,121.0,120.0,138.0,110.0,134.0,125.0,120.0,124.0,126.0,124.0,116.0,132.0,115.0,125.0,185.0,113.0,125.0,111.0,129.0,164.0,145.0,135.0,145.0,126.0,140.0,151.0,169.0,150.0,148.0,135.0,177.0,171.0,176.0,189.0,195.0,225.0,246.0,203.0,230.0,198.0,194.0,212.0,206.0,188.0,188.0,202.0,182.0,197.0,217.0,202.0,302.0,267.0,278.0,289.0,281.0,245.0,269.0,284.0,282.0,246.0,242.0,248.0,246.0,238.0,260.0,224.0,213.0,188.0,213.0,226.0,236.0,218.0,236.0,223.0,232.0,202.0,228.0,240.0,220.0,229.0,291.0,238.0,233.0,265.0,253.0,284.0,268.0,234.0,232.0,229.0,260.0,246.0,240.0,242.0,231.0,211.0,288.0,293.0,293.0,291.0,263.0,272.0,225.0,228.0,271.0,280.0,260.0,258.0,262.0,245.0,254.0,272.0,251.0,253.0,265.0,252.0,218.0,270.0,272.0,257.0,300.0,278.0,269.0,254.0,251.0,276.0,253.0,243.0,240.0,229.0,194.0,235.0,251.0,228.0,251.0,261.0,245.0,216.0,228.0,239.0,213.0
94108,157.0,177.0,154.0,183.0,202.0,151.0,159.0,155.0,196.0,150.0,162.0,175.0,170.0,101.0,104.0,121.0,134.0,116.0,142.0,143.0,110.0,136.0,100.0,120.0,120.0,126.0,125.0,121.0,93.0,117.0,102.0,167.0,196.0,161.0,120.0,148.0,101.0,122.0,149.0,169.0,134.0,112.0,107.0,124.0,124.0,143.0,130.0,124.0,124.0,124.0,121.0,119.0,118.0,138.0,111.0,169.0,140.0,108.0,118.0,119.0,178.0,135.0,133.0,133.0,121.0,142.0,141.0,163.0,151.0,156.0,148.0,163.0,151.0,172.0,153.0,165.0,217.0,223.0,192.0,188.0,179.0,176.0,196.0,194.0,185.0,189.0,181.0,170.0,182.0,178.0,159.0,217.0,216.0,228.0,231.0,239.0,220.0,218.0,218.0,223.0,219.0,207.0,216.0,223.0,215.0,233.0,209.0,205.0,216.0,195.0,202.0,230.0,240.0,217.0,206.0,228.0,205.0,204.0,202.0,198.0,201.0,255.0,252.0,210.0,245.0,216.0,259.0,258.0,224.0,220.0,231.0,253.0,241.0,240.0,235.0,229.0,209.0,245.0,259.0,239.0,244.0,217.0,237.0,232.0,226.0,237.0,241.0,236.0,219.0,220.0,201.0,213.0,242.0,212.0,201.0,221.0,205.0,176.0,217.0,207.0,231.0,223.0,215.0,200.0,194.0,180.0,200.0,201.0,168.0,182.0,172.0,163.0,169.0,189.0,167.0,175.0,185.0,196.0,168.0,194.0,167.0,172.0
94109,378.0,349.0,371.0,383.0,449.0,383.0,372.0,316.0,349.0,334.0,354.0,376.0,277.0,230.0,184.0,219.0,249.0,214.0,221.0,251.0,193.0,231.0,220.0,170.0,199.0,261.0,212.0,208.0,194.0,190.0,171.0,280.0,306.0,306.0,261.0,224.0,273.0,254.0,310.0,314.0,304.0,281.0,271.0,282.0,253.0,272.0,286.0,252.0,222.0,269.0,266.0,220.0,255.0,292.0,245.0,343.0,247.0,263.0,268.0,243.0,345.0,284.0,280.0,272.0,279.0,314.0,304.0,363.0,323.0,274.0,294.0,320.0,294.0,287.0,330.0,295.0,353.0,360.0,309.0,328.0,332.0,311.0,326.0,365.0,340.0,295.0,327.0,276.0,333.0,340.0,337.0,481.0,431.0,420.0,459.0,476.0,423.0,395.0,411.0,411.0,394.0,392.0,373.0,382.0,366.0,349.0,363.0,364.0,314.0,346.0,337.0,395.0,367.0,380.0,349.0,302.0,313.0,343.0,319.0,331.0,322.0,436.0,379.0,336.0,406.0,407.0,452.0,400.0,391.0,378.0,359.0,403.0,370.0,370.0,388.0,360.0,339.0,430.0,413.0,415.0,419.0,367.0,405.0,356.0,348.0,378.0,385.0,402.0,401.0,378.0,376.0,430.0,459.0,417.0,372.0,406.0,386.0,340.0,386.0,457.0,411.0,413.0,403.0,385.0,381.0,392.0,409.0,362.0,343.0,336.0,323.0,292.0,307.0,405.0,338.0,346.0,345.0,348.0,306.0,299.0,340.0,331.0
94110,589.0,521.0,540.0,594.0,615.0,483.0,493.0,441.0,504.0,442.0,503.0,527.0,414.0,339.0,320.0,373.0,348.0,322.0,372.0,408.0,276.0,356.0,319.0,319.0,351.0,357.0,363.0,335.0,275.0,274.0,271.0,461.0,505.0,434.0,397.0,351.0,386.0,438.0,464.0,537.0,416.0,405.0,368.0,464.0,412.0,394.0,407.0,400.0,362.0,383.0,376.0,312.0,367.0,403.0,372.0,502.0,316.0,324.0,365.0,358.0,540.0,354.0,375.0,353.0,343.0,420.0,448.0,505.0,429.0,351.0,429.0,426.0,443.0,485.0,504.0,478.0,560.0,554.0,532.0,524.0,525.0,549.0,585.0,618.0,550.0,527.0,552.0,500.0,566.0,569.0,537.0,713.0,749.0,722.0,788.0,745.0,679.0,653.0,674.0,652.0,653.0,632.0,672.0,629.0,614.0,597.0,574.0,574.0,526.0,589.0,598.0,644.0,635.0,624.0,582.0,609.0,548.0,624.0,558.0,603.0,567.0,678.0,640.0,657.0,650.0,580.0,608.0,567.0,554.0,582.0,565.0,635.0,558.0,572.0,554.0,513.0,492.0,646.0,572.0,601.0,650.0,573.0,557.0,521.0,519.0,582.0,607.0,604.0,619.0,630.0,666.0,736.0,740.0,624.0,587.0,651.0,594.0,580.0,644.0,629.0,672.0,715.0,772.0,687.0,668.0,701.0,672.0,589.0,555.0,496.0,495.0,459.0,467.0,580.0,522.0,504.0,540.0,548.0,503.0,537.0,562.0,536.0
94112,930.0,851.0,800.0,863.0,936.0,714.0,739.0,662.0,687.0,676.0,753.0,841.0,620.0,569.0,570.0,598.0,560.0,615.0,696.0,748.0,518.0,571.0,519.0,600.0,615.0,663.0,554.0,450.0,475.0,428.0,432.0,741.0,863.0,708.0,652.0,619.0,711.0,713.0,852.0,884.0,691.0,685.0,643.0,706.0,661.0,702.0,726.0,787.0,578.0,669.0,637.0,583.0,614.0,750.0,622.0,1007.0,544.0,576.0,568.0,696.0,953.0,637.0,760.0,755.0,732.0,791.0,876.0,1010.0,825.0,789.0,794.0,846.0,779.0,992.0,1051.0,989.0,1222.0,1206.0,1124.0,1127.0,1165.0,1122.0,1080.0,1141.0,1075.0,1106.0,1119.0,1150.0,1199.0,1185.0,1094.0,1445.0,1490.0,1446.0,1645.0,1778.0,1476.0,1412.0,1431.0,1400.0,1363.0,1463.0,1439.0,1332.0,1327.0,1318.0,1298.0,1313.0,1372.0,1346.0,1248.0,1348.0,1280.0,1316.0,1308.0,1280.0,1330.0,1244.0,1217.0,1189.0,1178.0,1401.0,1401.0,1354.0,1245.0,1375.0,1426.0,1382.0,1328.0,1289.0,1259.0,1317.0,1256.0,1318.0,1281.0,1230.0,1200.0,1459.0,1347.0,1369.0,1344.0,1264.0,1291.0,1254.0,1270.0,1368.0,1296.0,1252.0,1290.0,1229.0,1316.0,1445.0,1422.0,1328.0,1218.0,1296.0,1220.0,1254.0,1418.0,1256.0,1306.0,1270.0,1279.0,1298.0,1230.0,1329.0,1219.0,1240.0,1184.0,1087.0,1139.0,1089.0,1120.0,1252.0,1113.0,1098.0,1139.0,1204.0,1126.0,1183.0,1085.0,1061.0
94114,403.0,358.0,385.0,438.0,453.0,355.0,421.0,359.0,354.0,360.0,415.0,474.0,305.0,178.0,146.0,168.0,174.0,144.0,196.0,174.0,144.0,147.0,110.0,122.0,126.0,138.0,148.0,141.0,110.0,125.0,115.0,193.0,239.0,212.0,203.0,182.0,197.0,198.0,201.0,229.0,205.0,197.0,164.0,196.0,167.0,173.0,161.0,178.0,153.0,197.0,189.0,154.0,150.0,169.0,184.0,212.0,159.0,161.0,179.0,154.0,215.0,155.0,146.0,149.0,136.0,162.0,149.0,219.0,211.0,179.0,178.0,205.0,179.0,172.0,191.0,201.0,281.0,260.0,267.0,252.0,270.0,257.0,276.0,292.0,231.0,236.0,245.0,242.0,247.0,250.0,215.0,276.0,297.0,288.0,319.0,292.0,268.0,281.0,236.0,223.0,223.0,249.0,250.0,235.0,239.0,261.0,252.0,216.0,223.0,238.0,249.0,272.0,262.0,253.0,251.0,230.0,235.0,255.0,248.0,243.0,243.0,292.0,270.0,238.0,288.0,276.0,299.0,241.0,257.0,262.0,259.0,283.0,294.0,300.0,260.0,242.0,227.0,331.0,312.0,313.0,324.0,253.0,277.0,240.0,232.0,268.0,299.0,249.0,261.0,270.0,238.0,227.0,276.0,247.0,219.0,281.0,263.0,206.0,276.0,253.0,294.0,288.0,304.0,291.0,256.0,245.0,242.0,279.0,262.0,237.0,228.0,188.0,189.0,266.0,256.0,238.0,209.0,260.0,228.0,248.0,238.0,231.0
94115,415.0,353.0,307.0,331.0,388.0,344.0,305.0,286.0,302.0,302.0,348.0,374.0,248.0,245.0,203.0,235.0,261.0,274.0,237.0,283.0,211.0,238.0,239.0,223.0,237.0,260.0,251.0,210.0,195.0,177.0,196.0,329.0,327.0,285.0,255.0,243.0,296.0,280.0,350.0,350.0,286.0,277.0,259.0,285.0,272.0,273.0,275.0,282.0,240.0,264.0,270.0,181.0,273.0,256.0,249.0,338.0,244.0,207.0,218.0,272.0,386.0,263.0,256.0,263.0,260.0,267.0,289.0,332.0,330.0,273.0,276.0,316.0,310.0,306.0,335.0,332.0,394.0,387.0,369.0,367.0,362.0,336.0,372.0,396.0,338.0,345.0,379.0,338.0,357.0,350.0,337.0,446.0,433.0,426.0,488.0,491.0,433.0,417.0,439.0,416.0,387.0,384.0,426.0,418.0,386.0,389.0,399.0,362.0,366.0,375.0,357.0,407.0,381.0,404.0,392.0,411.0,361.0,380.0,351.0,399.0,378.0,452.0,428.0,387.0,455.0,444.0,456.0,468.0,417.0,399.0,415.0,450.0,431.0,442.0,437.0,412.0,391.0,462.0,461.0,464.0,455.0,409.0,478.0,422.0,397.0,457.0,446.0,386.0,406.0,385.0,393.0,413.0,454.0,429.0,348.0,374.0,364.0,355.0,402.0,417.0,407.0,399.0,396.0,388.0,372.0,351.0,388.0,385.0,386.0,342.0,348.0,331.0,373.0,395.0,397.0,364.0,366.0,353.0,350.0,353.0,394.0,331.0
94116,529.0,453.0,429.0,424.0,470.0,368.0,343.0,330.0,391.0,380.0,391.0,454.0,340.0,307.0,299.0,347.0,300.0,344.0,356.0,378.0,308.0,312.0,280.0,312.0,354.0,337.0,337.0,273.0,230.0,296.0,293.0,383.0,487.0,359.0,323.0,309.0,384.0,377.0,430.0,459.0,370.0,332.0,309.0,340.0,325.0,329.0,370.0,361.0,303.0,327.0,343.0,297.0,357.0,409.0,309.0,616.0,300.0,352.0,313.0,380.0,462.0,315.0,347.0,343.0,329.0,368.0,437.0,532.0,423.0,386.0,377.0,470.0,407.0,483.0,500.0,522.0,704.0,673.0,642.0,660.0,672.0,621.0,643.0,677.0,641.0,650.0,674.0,624.0,709.0,683.0,602.0,771.0,747.0,781.0,864.0,865.0,777.0,785.0,733.0,744.0,698.0,739.0,826.0,732.0,690.0,714.0,728.0,696.0,702.0,702.0,715.0,727.0,763.0,750.0,685.0,767.0,682.0,727.0,664.0,717.0,692.0,736.0,742.0,723.0,720.0,724.0,768.0,782.0,722.0,704.0,710.0,779.0,727.0,763.0,747.0,713.0,697.0,859.0,780.0,817.0,813.0,726.0,706.0,675.0,715.0,743.0,718.0,708.0,729.0,710.0,709.0,753.0,722.0,704.0,696.0,691.0,673.0,682.0,724.0,659.0,661.0,704.0,699.0,632.0,642.0,639.0,658.0,642.0,645.0,645.0,679.0,613.0,585.0,669.0,635.0,606.0,676.0,643.0,659.0,675.0,649.0,604.0
94117,332.0,308.0,319.0,348.0,423.0,329.0,371.0,313.0,324.0,305.0,310.0,326.0,226.0,223.0,186.0,200.0,241.0,183.0,201.0,251.0,193.0,210.0,179.0,168.0,204.0,206.0,221.0,169.0,194.0,140.0,160.0,229.0,283.0,275.0,257.0,209.0,245.0,255.0,248.0,268.0,274.0,283.0,267.0,292.0,265.0,216.0,222.0,263.0,209.0,254.0,259.0,198.0,232.0,244.0,230.0,332.0,238.0,237.0,234.0,257.0,303.0,213.0,282.0,251.0,248.0,269.0,224.0,267.0,266.0,251.0,286.0,275.0,280.0,277.0,279.0,274.0,273.0,308.0,287.0,268.0,255.0,245.0,321.0,311.0,293.0,281.0,299.0,252.0,255.0,282.0,267.0,391.0,391.0,390.0,436.0,380.0,320.0,312.0,320.0,332.0,323.0,311.0,306.0,300.0,296.0,331.0,299.0,290.0,295.0,277.0,320.0,357.0,326.0,322.0,297.0,302.0,291.0,308.0,271.0,284.0,287.0,357.0,330.0,295.0,356.0,327.0,341.0,315.0,287.0,319.0,303.0,354.0,314.0,302.0,311.0,281.0,277.0,344.0,316.0,314.0,305.0,256.0,313.0,312.0,301.0,307.0,330.0,304.0,338.0,288.0,359.0,393.0,401.0,357.0,330.0,416.0,336.0,311.0,317.0,357.0,378.0,396.0,413.0,367.0,328.0,336.0,354.0,304.0,285.0,277.0,312.0,307.0,267.0,352.0,311.0,283.0,315.0,333.0,307.0,316.0,312.0,324.0
94118,385.0,306.0,275.0,349.0,349.0,268.0,296.0,266.0,265.0,266.0,282.0,311.0,215.0,236.0,204.0,214.0,232.0,208.0,243.0,276.0,199.0,258.0,209.0,205.0,230.0,256.0,230.0,186.0,204.0,173.0,166.0,262.0,316.0,289.0,262.0,238.0,282.0,250.0,301.0,355.0,297.0,286.0,300.0,270.0,276.0,257.0,267.0,286.0,228.0,267.0,293.0,175.0,229.0,287.0,257.0,415.0,236.0,253.0,253.0,284.0,376.0,258.0,253.0,257.0,228.0,270.0,270.0,333.0,303.0,260.0,284.0,309.0,302.0,349.0,378.0,354.0,443.0,462.0,409.0,449.0,416.0,403.0,438.0,471.0,434.0,433.0,438.0,384.0,457.0,458.0,446.0,553.0,526.0,505.0,547.0,558.0,525.0,514.0,519.0,497.0,489.0,473.0,504.0,481.0,445.0,470.0,456.0,427.0,433.0,502.0,500.0,517.0,481.0,487.0,489.0,467.0,468.0,483.0,452.0,452.0,446.0,539.0,485.0,501.0,528.0,493.0,530.0,499.0,456.0,460.0,467.0,535.0,472.0,489.0,500.0,467.0,433.0,521.0,554.0,507.0,513.0,428.0,429.0,401.0,418.0,421.0,497.0,456.0,449.0,468.0,464.0,461.0,491.0,471.0,421.0,456.0,401.0,365.0,425.0,445.0,434.0,408.0,444.0,418.0,395.0,383.0,435.0,429.0,423.0,348.0,371.0,344.0,365.0,401.0,384.0,375.0,401.0,411.0,369.0,383.0,409.0,381.0
94121,489.0,410.0,367.0,415.0,492.0,374.0,353.0,335.0,350.0,305.0,361.0,451.0,343.0,304.0,276.0,299.0,305.0,322.0,364.0,381.0,234.0,284.0,273.0,285.0,329.0,373.0,291.0,245.0,243.0,236.0,265.0,379.0,428.0,383.0,307.0,262.0,326.0,352.0,372.0,414.0,327.0,345.0,315.0,340.0,315.0,305.0,356.0,357.0,300.0,306.0,300.0,263.0,339.0,349.0,329.0,575.0,321.0,334.0,336.0,335.0,515.0,310.0,337.0,318.0,310.0,338.0,378.0,486.0,381.0,356.0,370.0,401.0,374.0,452.0,508.0,446.0,606.0,620.0,540.0,577.0,566.0,546.0,572.0,624.0,547.0,592.0,602.0,536.0,612.0,612.0,565.0,675.0,708.0,647.0,767.0,767.0,672.0,708.0,674.0,675.0,625.0,684.0,735.0,661.0,567.0,625.0,617.0,612.0,619.0,685.0,654.0,678.0,662.0,661.0,601.0,656.0,617.0,631.0,610.0,610.0,591.0,688.0,712.0,642.0,644.0,652.0,700.0,717.0,637.0,676.0,633.0,709.0,696.0,682.0,619.0,571.0,598.0,720.0,722.0,707.0,674.0,646.0,676.0,664.0,671.0,728.0,653.0,629.0,689.0,666.0,672.0,719.0,708.0,641.0,564.0,640.0,600.0,617.0,661.0,629.0,639.0,681.0,682.0,641.0,605.0,621.0,638.0,624.0,560.0,557.0,567.0,542.0,588.0,625.0,570.0,540.0,597.0,615.0,609.0,581.0,617.0,551.0
94122,620.0,537.0,566.0,620.0,666.0,483.0,502.0,443.0,482.0,499.0,557.0,586.0,521.0,430.0,394.0,448.0,473.0,434.0,495.0,521.0,403.0,445.0,388.0,415.0,443.0,478.0,436.0,386.0,415.0,336.0,327.0,510.0,654.0,543.0,479.0,406.0,537.0,507.0,568.0,679.0,507.0,463.0,482.0,514.0,464.0,486.0,517.0,505.0,424.0,476.0,495.0,352.0,443.0,518.0,469.0,800.0,439.0,464.0,459.0,506.0,675.0,460.0,514.0,524.0,460.0,492.0,511.0,622.0,577.0,499.0,565.0,600.0,577.0,697.0,748.0,738.0,836.0,902.0,851.0,839.0,847.0,798.0,853.0,908.0,814.0,821.0,856.0,830.0,894.0,894.0,826.0,996.0,1020.0,962.0,1067.0,1052.0,1042.0,999.0,994.0,965.0,899.0,974.0,991.0,993.0,875.0,974.0,920.0,878.0,860.0,904.0,906.0,955.0,945.0,952.0,928.0,925.0,897.0,937.0,886.0,868.0,829.0,959.0,965.0,888.0,938.0,968.0,981.0,955.0,881.0,860.0,899.0,1013.0,925.0,983.0,918.0,848.0,821.0,1014.0,954.0,958.0,936.0,932.0,910.0,849.0,862.0,918.0,906.0,875.0,871.0,851.0,902.0,945.0,969.0,899.0,871.0,871.0,834.0,802.0,914.0,909.0,904.0,888.0,966.0,841.0,844.0,869.0,887.0,861.0,827.0,791.0,790.0,771.0,813.0,910.0,825.0,858.0,872.0,821.0,767.0,850.0,898.0,809.0
94123,124.0,72.0,73.0,76.0,78.0,94.0,80.0,68.0,100.0,67.0,72.0,70.0,63.0,53.0,47.0,34.0,67.0,59.0,61.0,53.0,39.0,70.0,52.0,50.0,48.0,56.0,58.0,51.0,43.0,41.0,36.0,58.0,75.0,66.0,58.0,53.0,69.0,80.0,82.0,108.0,86.0,81.0,81.0,83.0,86.0,63.0,69.0,64.0,76.0,71.0,69.0,52.0,44.0,70.0,66.0,113.0,63.0,64.0,71.0,71.0,102.0,68.0,82.0,71.0,43.0,62.0,50.0,81.0,92.0,70.0,90.0,81.0,76.0,61.0,77.0,84.0,109.0,116.0,105.0,102.0,103.0,78.0,110.0,136.0,111.0,100.0,112.0,101.0,117.0,111.0,105.0,137.0,154.0,126.0,134.0,119.0,122.0,123.0,109.0,108.0,96.0,94.0,111.0,127.0,107.0,110.0,115.0,88.0,86.0,100.0,119.0,126.0,118.0,127.0,115.0,105.0,95.0,119.0,75.0,110.0,104.0,136.0,128.0,118.0,154.0,122.0,133.0,120.0,105.0,81.0,92.0,127.0,109.0,128.0,109.0,110.0,97.0,103.0,118.0,141.0,130.0,115.0,106.0,87.0,89.0,103.0,109.0,103.0,117.0,109.0,95.0,118.0,146.0,120.0,97.0,112.0,103.0,82.0,90.0,100.0,97.0,101.0,121.0,94.0,89.0,81.0,113.0,104.0,106.0,97.0,91.0,80.0,70.0,109.0,114.0,74.0,77.0,94.0,99.0,83.0,90.0,86.0
94124,492.0,448.0,416.0,422.0,470.0,401.0,390.0,354.0,389.0,390.0,419.0,449.0,346.0,325.0,314.0,337.0,306.0,381.0,375.0,398.0,326.0,334.0,317.0,348.0,364.0,366.0,334.0,306.0,295.0,269.0,264.0,457.0,459.0,415.0,395.0,373.0,372.0,401.0,461.0,488.0,417.0,379.0,365.0,375.0,369.0,358.0,373.0,440.0,319.0,330.0,329.0,283.0,310.0,377.0,324.0,495.0,296.0,315.0,291.0,341.0,482.0,315.0,380.0,355.0,346.0,381.0,399.0,455.0,378.0,355.0,399.0,415.0,404.0,434.0,510.0,427.0,571.0,570.0,530.0,516.0,551.0,559.0,542.0,591.0,543.0,540.0,528.0,542.0,586.0,546.0,514.0,662.0,686.0,665.0,654.0,717.0,675.0,677.0,644.0,640.0,651.0,632.0,674.0,644.0,623.0,613.0,595.0,570.0,597.0,593.0,599.0,640.0,604.0,613.0,602.0,594.0,603.0,588.0,567.0,573.0,535.0,633.0,661.0,656.0,625.0,628.0,614.0,612.0,545.0,580.0,578.0,618.0,611.0,618.0,586.0,587.0,568.0,700.0,659.0,649.0,663.0,605.0,598.0,607.0,648.0,626.0,614.0,598.0,591.0,575.0,591.0,636.0,619.0,589.0,554.0,565.0,519.0,539.0,618.0,584.0,593.0,582.0,578.0,540.0,560.0,577.0,563.0,521.0,574.0,502.0,504.0,495.0,535.0,565.0,521.0,496.0,494.0,500.0,515.0,538.0,509.0,499.0
94126,39.0,39.0,38.0,40.0,39.0,29.0,30.0,29.0,36.0,36.0,34.0,32.0,28.0,18.0,28.0,28.0,35.0,29.0,18.0,33.0,24.0,32.0,29.0,24.0,35.0,30.0,33.0,26.0,19.0,12.0,24.0,20.0,23.0,33.0,35.0,30.0,44.0,27.0,32.0,31.0,33.0,26.0,25.0,28.0,31.0,24.0,22.0,27.0,20.0,18.0,24.0,31.0,20.0,27.0,29.0,36.0,25.0,18.0,30.0,18.0,36.0,35.0,34.0,20.0,24.0,17.0,20.0,30.0,32.0,19.0,32.0,37.0,34.0,27.0,27.0,30.0,24.0,35.0,31.0,26.0,33.0,30.0,33.0,35.0,34.0,37.0,34.0,29.0,30.0,39.0,33.0,79.0,57.0,65.0,58.0,62.0,57.0,45.0,44.0,48.0,37.0,34.0,36.0,45.0,40.0,40.0,44.0,40.0,38.0,42.0,39.0,45.0,34.0,41.0,33.0,24.0,22.0,27.0,31.0,36.0,32.0,51.0,41.0,35.0,43.0,55.0,46.0,38.0,35.0,40.0,42.0,46.0,49.0,51.0,48.0,53.0,40.0,46.0,41.0,46.0,52.0,48.0,48.0,39.0,36.0,54.0,55.0,47.0,36.0,37.0,40.0,42.0,46.0,44.0,41.0,52.0,41.0,43.0,46.0,55.0,53.0,34.0,34.0,46.0,32.0,29.0,48.0,51.0,45.0,36.0,48.0,38.0,34.0,47.0,41.0,40.0,40.0,47.0,41.0,47.0,59.0,26.0
94127,372.0,292.0,275.0,309.0,329.0,270.0,240.0,230.0,273.0,255.0,270.0,307.0,222.0,203.0,186.0,225.0,236.0,220.0,187.0,270.0,169.0,207.0,205.0,177.0,190.0,212.0,219.0,184.0,175.0,175.0,167.0,215.0,279.0,252.0,250.0,212.0,270.0,216.0,290.0,301.0,223.0,224.0,224.0,237.0,199.0,237.0,208.0,239.0,186.0,189.0,234.0,191.0,232.0,268.0,235.0,404.0,192.0,226.0,205.0,243.0,336.0,207.0,229.0,237.0,222.0,241.0,256.0,284.0,295.0,254.0,292.0,306.0,302.0,345.0,408.0,385.0,419.0,461.0,409.0,432.0,440.0,389.0,447.0,473.0,423.0,399.0,445.0,387.0,404.0,463.0,473.0,524.0,533.0,480.0,568.0,600.0,501.0,487.0,508.0,465.0,436.0,470.0,508.0,500.0,450.0,439.0,461.0,422.0,444.0,449.0,454.0,489.0,458.0,483.0,450.0,435.0,439.0,431.0,393.0,458.0,422.0,488.0,462.0,450.0,450.0,494.0,502.0,482.0,463.0,488.0,391.0,500.0,463.0,496.0,457.0,466.0,434.0,557.0,536.0,510.0,520.0,473.0,476.0,453.0,452.0,517.0,461.0,425.0,453.0,416.0,439.0,504.0,513.0,482.0,376.0,441.0,407.0,409.0,430.0,448.0,454.0,447.0,457.0,435.0,415.0,431.0,468.0,418.0,428.0,400.0,437.0,389.0,413.0,468.0,427.0,399.0,437.0,427.0,410.0,442.0,433.0,392.0
94129,28.0,18.0,20.0,22.0,30.0,28.0,19.0,28.0,29.0,27.0,27.0,34.0,30.0,20.0,17.0,23.0,23.0,18.0,17.0,27.0,14.0,22.0,10.0,15.0,17.0,19.0,16.0,17.0,15.0,12.0,8.0,19.0,33.0,26.0,23.0,18.0,19.0,18.0,25.0,26.0,18.0,12.0,20.0,32.0,21.0,19.0,23.0,20.0,23.0,20.0,15.0,16.0,29.0,31.0,16.0,43.0,23.0,24.0,23.0,30.0,39.0,31.0,17.0,27.0,26.0,30.0,33.0,28.0,28.0,21.0,33.0,31.0,31.0,40.0,42.0,41.0,66.0,50.0,42.0,44.0,55.0,43.0,51.0,60.0,54.0,49.0,50.0,43.0,42.0,51.0,52.0,63.0,71.0,65.0,76.0,66.0,77.0,57.0,59.0,59.0,66.0,62.0,67.0,65.0,55.0,58.0,58.0,52.0,51.0,45.0,55.0,66.0,53.0,56.0,57.0,41.0,46.0,63.0,50.0,53.0,56.0,58.0,63.0,52.0,55.0,57.0,57.0,51.0,52.0,50.0,50.0,58.0,48.0,56.0,61.0,50.0,48.0,50.0,56.0,63.0,52.0,54.0,41.0,47.0,47.0,56.0,55.0,49.0,57.0,50.0,45.0,54.0,63.0,60.0,47.0,57.0,57.0,40.0,59.0,51.0,53.0,61.0,46.0,49.0,38.0,39.0,51.0,46.0,47.0,43.0,56.0,48.0,50.0,51.0,50.0,47.0,38.0,35.0,41.0,49.0,42.0,41.0
94130,74.0,51.0,67.0,56.0,72.0,57.0,51.0,47.0,59.0,48.0,52.0,69.0,47.0,49.0,42.0,43.0,49.0,47.0,38.0,52.0,41.0,45.0,32.0,28.0,25.0,41.0,29.0,27.0,33.0,28.0,29.0,36.0,49.0,44.0,41.0,43.0,39.0,40.0,36.0,49.0,32.0,37.0,34.0,44.0,30.0,25.0,33.0,38.0,29.0,31.0,30.0,24.0,33.0,33.0,48.0,42.0,38.0,28.0,30.0,39.0,48.0,40.0,38.0,43.0,45.0,37.0,49.0,46.0,41.0,41.0,42.0,42.0,46.0,42.0,54.0,50.0,48.0,39.0,43.0,43.0,39.0,30.0,44.0,29.0,42.0,33.0,31.0,32.0,32.0,38.0,38.0,63.0,72.0,60.0,65.0,64.0,51.0,38.0,48.0,40.0,40.0,38.0,50.0,38.0,35.0,42.0,37.0,33.0,35.0,29.0,32.0,41.0,27.0,35.0,37.0,30.0,44.0,37.0,36.0,37.0,33.0,59.0,44.0,43.0,50.0,35.0,43.0,43.0,42.0,46.0,37.0,45.0,39.0,37.0,37.0,29.0,34.0,56.0,51.0,58.0,54.0,47.0,59.0,46.0,51.0,45.0,48.0,38.0,32.0,49.0,53.0,57.0,59.0,54.0,41.0,31.0,36.0,34.0,42.0,37.0,48.0,56.0,63.0,48.0,59.0,56.0,53.0,38.0,57.0,47.0,46.0,51.0,58.0,49.0,43.0,37.0,46.0,36.0,45.0,43.0,47.0,47.0
94131,257.0,237.0,240.0,282.0,318.0,257.0,259.0,214.0,241.0,234.0,264.0,290.0,219.0,159.0,159.0,175.0,173.0,153.0,167.0,199.0,144.0,187.0,155.0,161.0,161.0,164.0,165.0,117.0,140.0,121.0,145.0,210.0,258.0,227.0,205.0,190.0,213.0,206.0,177.0,257.0,208.0,188.0,189.0,180.0,176.0,172.0,176.0,187.0,147.0,169.0,185.0,135.0,168.0,185.0,172.0,263.0,163.0,185.0,180.0,198.0,224.0,166.0,166.0,165.0,148.0,182.0,158.0,228.0,204.0,190.0,193.0,199.0,208.0,231.0,243.0,242.0,287.0,306.0,233.0,290.0,294.0,280.0,305.0,319.0,289.0,283.0,309.0,284.0,293.0,313.0,285.0,351.0,340.0,298.0,380.0,384.0,334.0,326.0,322.0,329.0,309.0,326.0,367.0,307.0,277.0,294.0,291.0,287.0,268.0,287.0,324.0,344.0,289.0,314.0,325.0,298.0,279.0,318.0,292.0,277.0,294.0,330.0,314.0,302.0,348.0,305.0,327.0,307.0,252.0,279.0,296.0,323.0,309.0,334.0,313.0,281.0,262.0,348.0,347.0,351.0,361.0,328.0,340.0,286.0,278.0,323.0,346.0,296.0,305.0,283.0,288.0,314.0,328.0,308.0,295.0,294.0,274.0,255.0,294.0,315.0,308.0,309.0,294.0,307.0,281.0,256.0,314.0,313.0,299.0,259.0,265.0,239.0,229.0,294.0,261.0,247.0,296.0,293.0,257.0,251.0,264.0,258.0
94132,345.0,261.0,274.0,280.0,320.0,274.0,275.0,235.0,260.0,292.0,298.0,298.0,256.0,204.0,194.0,205.0,203.0,199.0,256.0,252.0,200.0,235.0,206.0,220.0,214.0,231.0,215.0,227.0,179.0,187.0,180.0,269.0,327.0,251.0,220.0,205.0,235.0,256.0,289.0,322.0,235.0,250.0,232.0,245.0,228.0,252.0,246.0,229.0,188.0,238.0,242.0,195.0,239.0,239.0,198.0,378.0,224.0,205.0,198.0,266.0,384.0,257.0,268.0,257.0,248.0,298.0,299.0,403.0,321.0,295.0,324.0,298.0,327.0,356.0,396.0,325.0,420.0,398.0,379.0,378.0,404.0,376.0,383.0,413.0,379.0,327.0,366.0,344.0,439.0,387.0,374.0,458.0,490.0,435.0,487.0,510.0,455.0,455.0,476.0,437.0,426.0,449.0,487.0,421.0,420.0,426.0,397.0,416.0,409.0,420.0,423.0,445.0,423.0,421.0,416.0,434.0,428.0,429.0,425.0,438.0,402.0,475.0,477.0,469.0,486.0,482.0,453.0,473.0,444.0,446.0,445.0,478.0,435.0,458.0,439.0,427.0,408.0,502.0,515.0,489.0,463.0,420.0,460.0,402.0,442.0,452.0,390.0,427.0,418.0,396.0,425.0,429.0,426.0,432.0,391.0,396.0,378.0,371.0,418.0,440.0,421.0,373.0,382.0,415.0,386.0,411.0,406.0,407.0,393.0,344.0,364.0,326.0,369.0,391.0,375.0,347.0,334.0,381.0,334.0,378.0,386.0,308.0
94133,253.0,193.0,208.0,175.0,242.0,249.0,210.0,187.0,178.0,170.0,194.0,207.0,151.0,139.0,144.0,167.0,166.0,149.0,126.0,159.0,122.0,156.0,131.0,111.0,124.0,131.0,156.0,116.0,121.0,116.0,120.0,158.0,196.0,177.0,164.0,146.0,158.0,192.0,199.0,209.0,157.0,173.0,148.0,161.0,150.0,135.0,140.0,145.0,111.0,137.0,162.0,148.0,125.0,145.0,155.0,227.0,138.0,138.0,152.0,141.0,233.0,173.0,175.0,154.0,149.0,173.0,151.0,190.0,190.0,172.0,182.0,195.0,167.0,175.0,195.0,207.0,264.0,258.0,240.0,233.0,217.0,196.0,232.0,260.0,238.0,221.0,228.0,196.0,204.0,243.0,241.0,321.0,294.0,296.0,310.0,304.0,273.0,262.0,275.0,265.0,258.0,257.0,264.0,275.0,247.0,264.0,257.0,236.0,234.0,244.0,264.0,267.0,242.0,264.0,241.0,255.0,241.0,257.0,231.0,260.0,240.0,284.0,299.0,264.0,291.0,283.0,312.0,288.0,278.0,253.0,254.0,273.0,277.0,275.0,271.0,254.0,250.0,314.0,321.0,297.0,303.0,257.0,267.0,238.0,258.0,281.0,258.0,266.0,271.0,264.0,242.0,242.0,308.0,298.0,267.0,289.0,263.0,245.0,273.0,268.0,259.0,264.0,266.0,229.0,213.0,217.0,258.0,249.0,253.0,237.0,239.0,246.0,196.0,237.0,244.0,232.0,262.0,241.0,235.0,240.0,232.0,213.0
94134,661.0,562.0,553.0,555.0,628.0,428.0,490.0,461.0,492.0,456.0,527.0,548.0,431.0,377.0,363.0,384.0,396.0,399.0,466.0,504.0,373.0,388.0,338.0,420.0,445.0,480.0,399.0,344.0,317.0,334.0,347.0,540.0,645.0,473.0,423.0,396.0,480.0,478.0,562.0,651.0,520.0,479.0,457.0,479.0,442.0,479.0,495.0,485.0,363.0,451.0,442.0,375.0,464.0,537.0,423.0,715.0,409.0,372.0,431.0,546.0,648.0,426.0,431.0,457.0,391.0,437.0,516.0,624.0,510.0,484.0,471.0,523.0,509.0,611.0,689.0,552.0,807.0,795.0,739.0,762.0,767.0,737.0,726.0,777.0,705.0,747.0,774.0,785.0,846.0,729.0,679.0,938.0,903.0,903.0,997.0,1074.0,907.0,908.0,869.0,899.0,868.0,916.0,968.0,853.0,864.0,848.0,865.0,830.0,865.0,838.0,817.0,902.0,891.0,855.0,864.0,893.0,880.0,810.0,796.0,793.0,745.0,898.0,861.0,884.0,862.0,919.0,927.0,912.0,846.0,827.0,853.0,855.0,905.0,860.0,810.0,783.0,787.0,956.0,902.0,900.0,834.0,815.0,845.0,889.0,868.0,912.0,872.0,832.0,882.0,879.0,858.0,927.0,895.0,888.0,812.0,862.0,780.0,805.0,920.0,826.0,845.0,824.0,843.0,846.0,812.0,854.0,805.0,828.0,753.0,768.0,783.0,722.0,777.0,796.0,772.0,708.0,778.0,804.0,738.0,842.0,762.0,744.0
94140,42.0,46.0,34.0,39.0,62.0,48.0,44.0,27.0,39.0,41.0,42.0,47.0,37.0,29.0,27.0,16.0,31.0,22.0,27.0,28.0,25.0,32.0,23.0,20.0,17.0,25.0,24.0,20.0,29.0,32.0,26.0,24.0,37.0,27.0,33.0,28.0,24.0,34.0,33.0,40.0,24.0,28.0,23.0,29.0,27.0,26.0,22.0,31.0,27.0,31.0,37.0,26.0,24.0,22.0,25.0,27.0,20.0,22.0,22.0,32.0,36.0,25.0,46.0,28.0,33.0,32.0,26.0,27.0,27.0,33.0,28.0,39.0,35.0,37.0,36.0,30.0,43.0,37.0,38.0,34.0,43.0,34.0,35.0,35.0,29.0,37.0,35.0,33.0,29.0,26.0,32.0,41.0,44.0,43.0,43.0,34.0,36.0,40.0,42.0,34.0,38.0,46.0,40.0,39.0,35.0,47.0,34.0,37.0,41.0,27.0,46.0,52.0,42.0,34.0,39.0,35.0,43.0,45.0,38.0,40.0,31.0,41.0,29.0,39.0,57.0,51.0,43.0,35.0,38.0,34.0,38.0,35.0,34.0,35.0,43.0,43.0,29.0,37.0,38.0,45.0,46.0,40.0,38.0,37.0,34.0,37.0,47.0,37.0,37.0,38.0,42.0,43.0,38.0,34.0,40.0,42.0,37.0,25.0,35.0,26.0,38.0,29.0,30.0,35.0,25.0,35.0,33.0,31.0,37.0,31.0,36.0,28.0,22.0,38.0,37.0,37.0,26.0,31.0,22.0,26.0,26.0,34.0
94141,35.0,32.0,23.0,29.0,28.0,20.0,28.0,28.0,34.0,30.0,29.0,29.0,25.0,16.0,23.0,16.0,20.0,15.0,18.0,24.0,15.0,16.0,12.0,16.0,15.0,24.0,20.0,9.0,15.0,15.0,14.0,34.0,33.0,38.0,35.0,30.0,31.0,32.0,27.0,30.0,30.0,25.0,29.0,31.0,36.0,26.0,23.0,27.0,23.0,25.0,25.0,24.0,19.0,24.0,24.0,25.0,21.0,19.0,26.0,18.0,40.0,33.0,33.0,29.0,26.0,29.0,23.0,25.0,27.0,23.0,26.0,26.0,25.0,25.0,21.0,21.0,17.0,25.0,35.0,28.0,28.0,21.0,27.0,25.0,20.0,24.0,29.0,20.0,19.0,22.0,22.0,30.0,35.0,23.0,39.0,31.0,24.0,26.0,23.0,27.0,27.0,35.0,27.0,25.0,17.0,23.0,20.0,18.0,21.0,19.0,20.0,21.0,17.0,17.0,14.0,19.0,20.0,24.0,20.0,22.0,14.0,37.0,35.0,34.0,36.0,30.0,29.0,28.0,27.0,30.0,21.0,37.0,37.0,25.0,29.0,18.0,19.0,25.0,24.0,32.0,22.0,31.0,27.0,29.0,24.0,21.0,19.0,19.0,26.0,26.0,30.0,23.0,29.0,26.0,25.0,24.0,18.0,22.0,27.0,26.0,35.0,24.0,23.0,32.0,31.0,26.0,19.0,21.0,12.0,16.0,14.0,15.0,18.0,19.0,21.0,25.0,17.0,17.0,14.0,17.0,18.0,15.0
94146,20.0,25.0,22.0,21.0,23.0,31.0,37.0,28.0,33.0,21.0,25.0,21.0,17.0,18.0,16.0,14.0,28.0,12.0,13.0,19.0,20.0,24.0,12.0,11.0,12.0,18.0,19.0,16.0,14.0,18.0,17.0,22.0,31.0,28.0,25.0,24.0,32.0,25.0,32.0,36.0,22.0,24.0,19.0,27.0,19.0,26.0,20.0,22.0,23.0,23.0,22.0,22.0,13.0,12.0,17.0,18.0,13.0,14.0,18.0,13.0,15.0,18.0,29.0,13.0,25.0,19.0,10.0,22.0,19.0,17.0,25.0,16.0,16.0,16.0,20.0,16.0,21.0,27.0,19.0,22.0,22.0,21.0,17.0,27.0,23.0,27.0,18.0,27.0,26.0,20.0,13.0,32.0,36.0,24.0,34.0,28.0,23.0,26.0,21.0,27.0,15.0,30.0,19.0,23.0,18.0,26.0,22.0,23.0,20.0,18.0,28.0,27.0,27.0,18.0,25.0,26.0,20.0,27.0,28.0,22.0,15.0,27.0,24.0,14.0,31.0,31.0,32.0,26.0,29.0,26.0,25.0,31.0,32.0,36.0,25.0,17.0,22.0,30.0,37.0,34.0,18.0,21.0,32.0,27.0,20.0,34.0,38.0,26.0,26.0,28.0,24.0,22.0,24.0,18.0,22.0,25.0,22.0,11.0,22.0,17.0,27.0,17.0,24.0,22.0,19.0,23.0,22.0,23.0,29.0,35.0,37.0,27.0,31.0,29.0,27.0,21.0,19.0,18.0,18.0,20.0,24.0,21.0
94147,54.0,45.0,45.0,64.0,64.0,43.0,43.0,32.0,37.0,51.0,45.0,53.0,29.0,42.0,31.0,25.0,44.0,31.0,43.0,34.0,19.0,34.0,37.0,19.0,26.0,25.0,24.0,23.0,20.0,27.0,25.0,43.0,59.0,48.0,46.0,38.0,40.0,53.0,53.0,67.0,47.0,58.0,51.0,45.0,46.0,39.0,45.0,51.0,28.0,40.0,54.0,34.0,35.0,40.0,34.0,62.0,43.0,32.0,29.0,46.0,63.0,44.0,61.0,52.0,45.0,49.0,46.0,59.0,58.0,46.0,52.0,56.0,58.0,48.0,52.0,39.0,53.0,57.0,67.0,46.0,62.0,53.0,53.0,65.0,58.0,53.0,42.0,46.0,59.0,63.0,62.0,72.0,67.0,73.0,86.0,68.0,75.0,64.0,65.0,58.0,61.0,57.0,58.0,59.0,58.0,69.0,53.0,59.0,51.0,51.0,59.0,64.0,57.0,55.0,45.0,38.0,62.0,67.0,50.0,62.0,56.0,83.0,77.0,65.0,95.0,90.0,76.0,61.0,72.0,69.0,72.0,80.0,75.0,83.0,65.0,58.0,64.0,93.0,95.0,87.0,86.0,94.0,81.0,64.0,64.0,81.0,82.0,64.0,78.0,82.0,96.0,85.0,87.0,77.0,82.0,62.0,71.0,57.0,77.0,78.0,70.0,77.0,92.0,88.0,63.0,66.0,71.0,63.0,80.0,73.0,59.0,56.0,64.0,82.0,83.0,66.0,74.0,83.0,67.0,72.0,88.0,79.0
94158,127.0,122.0,118.0,103.0,154.0,109.0,108.0,102.0,111.0,103.0,123.0,155.0,109.0,96.0,84.0,96.0,78.0,109.0,86.0,107.0,77.0,104.0,89.0,92.0,95.0,101.0,75.0,83.0,72.0,66.0,64.0,105.0,133.0,112.0,101.0,104.0,99.0,110.0,115.0,152.0,125.0,103.0,98.0,108.0,108.0,122.0,104.0,114.0,95.0,100.0,96.0,79.0,91.0,114.0,97.0,148.0,91.0,93.0,95.0,103.0,147.0,106.0,111.0,118.0,118.0,120.0,121.0,149.0,139.0,133.0,127.0,133.0,161.0,154.0,180.0,172.0,215.0,217.0,199.0,177.0,159.0,165.0,210.0,200.0,186.0,181.0,170.0,149.0,178.0,203.0,190.0,264.0,235.0,224.0,237.0,262.0,235.0,251.0,246.0,240.0,228.0,210.0,228.0,238.0,235.0,226.0,219.0,211.0,195.0,214.0,199.0,219.0,222.0,236.0,216.0,207.0,212.0,230.0,219.0,229.0,214.0,242.0,230.0,216.0,221.0,234.0,255.0,233.0,227.0,218.0,207.0,240.0,236.0,236.0,216.0,215.0,211.0,241.0,255.0,257.0,240.0,227.0,225.0,207.0,222.0,225.0,229.0,223.0,233.0,220.0,200.0,226.0,246.0,230.0,203.0,217.0,206.0,183.0,200.0,220.0,203.0,211.0,208.0,226.0,167.0,187.0,214.0,225.0,204.0,182.0,177.0,150.0,177.0,201.0,205.0,194.0,198.0,186.0,175.0,179.0,194.0,172.0
94159,44.0,43.0,31.0,40.0,44.0,40.0,45.0,35.0,39.0,30.0,30.0,50.0,33.0,30.0,22.0,36.0,30.0,27.0,35.0,21.0,26.0,29.0,28.0,22.0,20.0,36.0,36.0,28.0,20.0,34.0,24.0,44.0,51.0,49.0,38.0,35.0,31.0,37.0,53.0,48.0,43.0,34.0,32.0,40.0,31.0,38.0,28.0,36.0,23.0,38.0,33.0,26.0,26.0,40.0,42.0,61.0,34.0,32.0,27.0,36.0,59.0,44.0,56.0,68.0,53.0,56.0,38.0,62.0,51.0,51.0,37.0,54.0,40.0,47.0,59.0,49.0,75.0,79.0,60.0,78.0,68.0,76.0,70.0,69.0,55.0,76.0,58.0,64.0,61.0,69.0,55.0,79.0,76.0,70.0,83.0,82.0,75.0,73.0,62.0,64.0,64.0,59.0,66.0,67.0,61.0,80.0,74.0,54.0,61.0,60.0,72.0,73.0,65.0,59.0,65.0,59.0,53.0,60.0,57.0,68.0,57.0,72.0,70.0,64.0,81.0,63.0,77.0,62.0,68.0,59.0,66.0,74.0,74.0,76.0,68.0,72.0,49.0,73.0,64.0,67.0,57.0,49.0,61.0,54.0,56.0,74.0,66.0,55.0,64.0,68.0,51.0,55.0,61.0,49.0,53.0,61.0,62.0,37.0,67.0,56.0,58.0,55.0,57.0,55.0,45.0,55.0,51.0,59.0,75.0,58.0,58.0,61.0,43.0,52.0,57.0,51.0,42.0,59.0,48.0,55.0,48.0,62.0
94164,50.0,77.0,59.0,67.0,43.0,46.0,51.0,46.0,48.0,31.0,39.0,45.0,48.0,46.0,27.0,39.0,33.0,30.0,37.0,39.0,30.0,37.0,40.0,36.0,37.0,30.0,42.0,37.0,28.0,41.0,25.0,67.0,64.0,68.0,75.0,68.0,71.0,60.0,65.0,75.0,65.0,80.0,55.0,43.0,55.0,48.0,57.0,62.0,38.0,33.0,65.0,60.0,40.0,50.0,51.0,63.0,49.0,42.0,42.0,37.0,57.0,48.0,43.0,48.0,47.0,38.0,52.0,56.0,51.0,48.0,55.0,46.0,50.0,34.0,41.0,41.0,51.0,62.0,60.0,61.0,58.0,50.0,47.0,54.0,55.0,60.0,57.0,47.0,49.0,61.0,59.0,71.0,72.0,73.0,70.0,66.0,66.0,69.0,59.0,63.0,64.0,56.0,55.0,56.0,57.0,61.0,57.0,58.0,52.0,67.0,56.0,54.0,68.0,62.0,61.0,54.0,55.0,59.0,53.0,58.0,41.0,79.0,61.0,59.0,64.0,64.0,58.0,64.0,64.0,49.0,66.0,64.0,59.0,62.0,70.0,62.0,49.0,65.0,65.0,75.0,62.0,62.0,62.0,50.0,42.0,65.0,71.0,72.0,76.0,65.0,52.0,63.0,66.0,61.0,58.0,67.0,57.0,51.0,59.0,52.0,70.0,60.0,63.0,63.0,58.0,54.0,58.0,64.0,68.0,59.0,58.0,48.0,64.0,54.0,54.0,61.0,58.0,53.0,50.0,58.0,48.0,48.0
94188,17.0,15.0,17.0,18.0,15.0,14.0,13.0,14.0,14.0,8.0,14.0,18.0,18.0,13.0,14.0,14.0,11.0,16.0,20.0,14.0,11.0,13.0,12.0,10.0,14.0,13.0,13.0,10.0,7.0,13.0,5.0,19.0,22.0,17.0,16.0,10.0,15.0,10.0,17.0,14.0,12.0,8.0,12.0,15.0,16.0,14.0,14.0,12.0,11.0,18.0,20.0,12.0,14.0,14.0,22.0,14.0,9.0,14.0,14.0,12.0,20.0,21.0,17.0,18.0,15.0,17.0,20.0,23.0,16.0,17.0,10.0,24.0,12.0,16.0,15.0,20.0,22.0,15.0,13.0,17.0,22.0,18.0,18.0,16.0,10.0,18.0,15.0,28.0,17.0,21.0,8.0,24.0,18.0,14.0,19.0,26.0,25.0,21.0,18.0,18.0,16.0,14.0,16.0,17.0,12.0,14.0,13.0,12.0,16.0,11.0,12.0,12.0,21.0,15.0,15.0,28.0,22.0,16.0,17.0,12.0,17.0,14.0,17.0,16.0,25.0,19.0,28.0,17.0,20.0,14.0,15.0,14.0,15.0,18.0,16.0,19.0,16.0,19.0,19.0,11.0,22.0,14.0,18.0,22.0,20.0,27.0,25.0,16.0,22.0,19.0,25.0,17.0,19.0,16.0,17.0,20.0,25.0,19.0,22.0,20.0,16.0,17.0,11.0,16.0,18.0,19.0,17.0,14.0,20.0,18.0,18.0,20.0,16.0,15.0,16.0,11.0,14.0,17.0,16.0,18.0,17.0,20.0
94501,750.0,609.0,578.0,667.0,789.0,550.0,517.0,537.0,489.0,535.0,657.0,686.0,467.0,427.0,455.0,451.0,457.0,513.0,622.0,595.0,453.0,411.0,439.0,442.0,624.0,595.0,426.0,381.0,364.0,353.0,353.0,632.0,766.0,606.0,517.0,511.0,420.0,504.0,687.0,777.0,535.0,441.0,463.0,545.0,435.0,553.0,565.0,579.0,474.0,500.0,460.0,528.0,512.0,620.0,488.0,889.0,445.0,471.0,418.0,523.0,795.0,605.0,518.0,517.0,522.0,527.0,638.0,702.0,572.0,503.0,505.0,609.0,644.0,855.0,913.0,800.0,1039.0,977.0,970.0,952.0,1055.0,984.0,897.0,1044.0,1003.0,955.0,914.0,1018.0,1002.0,994.0,978.0,1168.0,1148.0,1145.0,1184.0,1300.0,1252.0,1139.0,1119.0,1160.0,1016.0,1104.0,1145.0,1001.0,1021.0,981.0,1034.0,972.0,995.0,1057.0,997.0,1063.0,991.0,1039.0,1036.0,1084.0,1011.0,1074.0,1062.0,1001.0,944.0,986.0,1042.0,1049.0,1027.0,1059.0,1103.0,1029.0,952.0,942.0,983.0,1158.0,1082.0,1002.0,985.0,962.0,987.0,1173.0,1121.0,1088.0,1077.0,1039.0,966.0,996.0,920.0,1034.0,990.0,998.0,1007.0,945.0,892.0,961.0,1050.0,1029.0,944.0,963.0,854.0,880.0,938.0,917.0,918.0,949.0,950.0,923.0,864.0,876.0,886.0,890.0,873.0,752.0,687.0,820.0,835.0,917.0,855.0,826.0,854.0,858.0,806.0,861.0,800.0,790.0
94502,236.0,166.0,150.0,185.0,183.0,127.0,124.0,132.0,138.0,122.0,177.0,207.0,127.0,108.0,95.0,124.0,100.0,140.0,157.0,173.0,144.0,131.0,117.0,99.0,123.0,141.0,100.0,102.0,87.0,77.0,79.0,143.0,172.0,115.0,121.0,121.0,100.0,117.0,157.0,177.0,124.0,116.0,113.0,134.0,94.0,140.0,149.0,143.0,128.0,136.0,133.0,125.0,135.0,162.0,129.0,254.0,118.0,123.0,100.0,127.0,185.0,160.0,114.0,116.0,128.0,117.0,163.0,181.0,137.0,114.0,123.0,149.0,145.0,204.0,246.0,217.0,270.0,265.0,246.0,266.0,280.0,261.0,290.0,293.0,281.0,292.0,258.0,280.0,275.0,278.0,262.0,314.0,319.0,310.0,329.0,353.0,328.0,303.0,320.0,319.0,271.0,286.0,320.0,285.0,272.0,285.0,287.0,266.0,259.0,264.0,285.0,281.0,279.0,290.0,274.0,268.0,273.0,281.0,278.0,298.0,258.0,264.0,272.0,293.0,277.0,296.0,285.0,292.0,274.0,239.0,272.0,309.0,286.0,263.0,280.0,241.0,254.0,317.0,309.0,284.0,285.0,277.0,239.0,262.0,255.0,296.0,270.0,268.0,264.0,259.0,261.0,260.0,288.0,287.0,265.0,274.0,233.0,252.0,271.0,256.0,254.0,247.0,269.0,236.0,238.0,250.0,254.0,248.0,237.0,217.0,219.0,214.0,223.0,258.0,228.0,235.0,243.0,208.0,215.0,251.0,214.0,212.0
94536,848.0,647.0,676.0,720.0,804.0,559.0,534.0,553.0,559.0,518.0,711.0,790.0,548.0,450.0,471.0,488.0,462.0,569.0,642.0,660.0,461.0,459.0,448.0,413.0,665.0,674.0,500.0,431.0,440.0,438.0,395.0,732.0,899.0,631.0,586.0,595.0,509.0,621.0,777.0,855.0,606.0,527.0,574.0,603.0,516.0,632.0,651.0,663.0,462.0,540.0,476.0,514.0,585.0,682.0,513.0,1033.0,512.0,491.0,430.0,567.0,836.0,674.0,586.0,555.0,559.0,582.0,715.0,814.0,614.0,578.0,588.0,695.0,659.0,932.0,1093.0,867.0,1245.0,1116.0,1140.0,1081.0,1219.0,1174.0,1084.0,1214.0,1139.0,1157.0,1116.0,1182.0,1197.0,1143.0,1168.0,1324.0,1349.0,1371.0,1394.0,1579.0,1436.0,1338.0,1280.0,1345.0,1185.0,1311.0,1384.0,1235.0,1193.0,1195.0,1190.0,1161.0,1192.0,1237.0,1279.0,1239.0,1117.0,1162.0,1194.0,1251.0,1204.0,1210.0,1245.0,1161.0,1105.0,1271.0,1250.0,1215.0,1169.0,1222.0,1278.0,1295.0,1165.0,1157.0,1174.0,1326.0,1303.0,1200.0,1258.0,1128.0,1126.0,1375.0,1410.0,1325.0,1275.0,1203.0,1130.0,1167.0,1129.0,1276.0,1201.0,1160.0,1163.0,1086.0,1067.0,1153.0,1259.0,1201.0,1125.0,1100.0,1040.0,1029.0,1143.0,1116.0,1086.0,1069.0,1063.0,1020.0,1058.0,1091.0,1062.0,1121.0,1063.0,917.0,844.0,906.0,969.0,1047.0,1025.0,1014.0,1006.0,1034.0,950.0,970.0,992.0,914.0
94537,149.0,141.0,155.0,159.0,150.0,134.0,94.0,100.0,118.0,114.0,100.0,121.0,100.0,86.0,82.0,96.0,82.0,108.0,120.0,126.0,105.0,86.0,91.0,86.0,102.0,132.0,86.0,71.0,83.0,77.0,68.0,411.0,418.0,373.0,356.0,331.0,285.0,278.0,347.0,371.0,301.0,242.0,311.0,338.0,322.0,329.0,334.0,335.0,273.0,291.0,305.0,299.0,311.0,310.0,263.0,302.0,260.0,257.0,250.0,289.0,513.0,453.0,418.0,487.0,479.0,457.0,457.0,306.0,188.0,165.0,160.0,165.0,161.0,223.0,217.0,188.0,262.0,255.0,228.0,218.0,223.0,229.0,228.0,246.0,234.0,227.0,221.0,222.0,223.0,219.0,215.0,340.0,367.0,313.0,356.0,372.0,305.0,258.0,267.0,268.0,258.0,246.0,251.0,235.0,288.0,272.0,277.0,337.0,317.0,359.0,351.0,350.0,325.0,307.0,340.0,307.0,233.0,292.0,322.0,303.0,192.0,333.0,418.0,371.0,316.0,345.0,350.0,336.0,300.0,332.0,333.0,322.0,287.0,300.0,304.0,266.0,268.0,365.0,382.0,428.0,407.0,406.0,393.0,360.0,382.0,407.0,415.0,338.0,378.0,411.0,503.0,511.0,507.0,509.0,496.0,539.0,526.0,543.0,541.0,493.0,584.0,558.0,551.0,572.0,560.0,586.0,582.0,418.0,399.0,366.0,355.0,405.0,345.0,426.0,383.0,370.0,383.0,339.0,269.0,313.0,265.0,258.0
94538,897.0,686.0,681.0,755.0,843.0,620.0,583.0,609.0,566.0,564.0,700.0,816.0,550.0,539.0,480.0,513.0,487.0,585.0,678.0,681.0,524.0,472.0,521.0,483.0,632.0,710.0,486.0,403.0,446.0,443.0,412.0,772.0,918.0,698.0,699.0,671.0,605.0,654.0,816.0,950.0,689.0,616.0,620.0,617.0,556.0,620.0,695.0,729.0,519.0,585.0,484.0,515.0,592.0,730.0,580.0,975.0,532.0,512.0,499.0,599.0,950.0,706.0,713.0,727.0,649.0,674.0,834.0,982.0,798.0,734.0,711.0,803.0,783.0,1019.0,1101.0,946.0,1277.0,1204.0,1192.0,1123.0,1175.0,1180.0,1103.0,1235.0,1193.0,1167.0,1132.0,1152.0,1235.0,1199.0,1172.0,1438.0,1441.0,1350.0,1495.0,1681.0,1491.0,1384.0,1398.0,1433.0,1333.0,1374.0,1418.0,1283.0,1275.0,1230.0,1236.0,1209.0,1266.0,1266.0,1263.0,1273.0,1245.0,1238.0,1257.0,1291.0,1288.0,1280.0,1248.0,1181.0,1190.0,1301.0,1344.0,1329.0,1359.0,1390.0,1384.0,1372.0,1306.0,1318.0,1351.0,1473.0,1338.0,1288.0,1306.0,1214.0,1228.0,1509.0,1454.0,1470.0,1424.0,1333.0,1243.0,1265.0,1257.0,1343.0,1291.0,1218.0,1266.0,1251.0,1302.0,1499.0,1525.0,1455.0,1329.0,1299.0,1243.0,1193.0,1360.0,1267.0,1352.0,1348.0,1322.0,1396.0,1209.0,1278.0,1257.0,1257.0,1253.0,1106.0,1063.0,1145.0,1162.0,1313.0,1215.0,1231.0,1250.0,1226.0,1155.0,1276.0,1223.0,1196.0
94539,585.0,491.0,470.0,524.0,570.0,346.0,357.0,376.0,371.0,355.0,483.0,531.0,352.0,341.0,340.0,343.0,325.0,428.0,524.0,533.0,336.0,291.0,314.0,285.0,452.0,505.0,324.0,278.0,278.0,309.0,288.0,515.0,689.0,448.0,401.0,415.0,351.0,411.0,565.0,621.0,426.0,365.0,375.0,370.0,306.0,439.0,508.0,508.0,320.0,332.0,316.0,372.0,434.0,545.0,337.0,868.0,354.0,351.0,336.0,459.0,626.0,470.0,414.0,422.0,390.0,480.0,621.0,706.0,528.0,485.0,467.0,522.0,542.0,830.0,915.0,797.0,1130.0,1097.0,1039.0,1037.0,1037.0,1030.0,1066.0,1083.0,1088.0,1077.0,1046.0,1083.0,1056.0,1098.0,1068.0,1224.0,1226.0,1220.0,1237.0,1351.0,1256.0,1249.0,1212.0,1220.0,1186.0,1181.0,1255.0,1183.0,1183.0,1108.0,1170.0,1108.0,1134.0,1171.0,1180.0,1220.0,1138.0,1147.0,1133.0,1155.0,1112.0,1171.0,1125.0,1120.0,1001.0,1186.0,1210.0,1234.0,1215.0,1255.0,1238.0,1266.0,1207.0,1136.0,1167.0,1272.0,1244.0,1159.0,1163.0,1108.0,1093.0,1255.0,1286.0,1245.0,1214.0,1186.0,1091.0,1081.0,1073.0,1178.0,1143.0,1120.0,1146.0,1020.0,1007.0,1031.0,1212.0,1177.0,1128.0,1084.0,982.0,972.0,1037.0,1087.0,1076.0,1038.0,1020.0,988.0,924.0,982.0,1015.0,978.0,965.0,902.0,827.0,842.0,875.0,1029.0,958.0,928.0,969.0,919.0,890.0,938.0,945.0,929.0
94540,67.0,62.0,62.0,57.0,90.0,53.0,41.0,40.0,40.0,43.0,59.0,65.0,37.0,38.0,37.0,38.0,40.0,48.0,59.0,56.0,35.0,37.0,37.0,46.0,52.0,55.0,37.0,35.0,36.0,29.0,31.0,56.0,73.0,44.0,41.0,42.0,38.0,42.0,70.0,66.0,49.0,42.0,38.0,40.0,44.0,54.0,57.0,54.0,38.0,34.0,39.0,47.0,45.0,50.0,42.0,65.0,50.0,45.0,36.0,41.0,66.0,37.0,46.0,37.0,35.0,46.0,73.0,61.0,39.0,48.0,33.0,47.0,36.0,75.0,80.0,62.0,78.0,75.0,65.0,69.0,74.0,82.0,34.0,75.0,70.0,69.0,63.0,78.0,78.0,57.0,62.0,89.0,76.0,72.0,84.0,107.0,97.0,86.0,74.0,86.0,86.0,91.0,85.0,79.0,64.0,71.0,72.0,69.0,71.0,75.0,83.0,85.0,66.0,70.0,73.0,74.0,80.0,78.0,76.0,64.0,46.0,75.0,74.0,83.0,65.0,77.0,71.0,77.0,69.0,72.0,86.0,79.0,62.0,75.0,71.0,67.0,71.0,110.0,82.0,89.0,73.0,72.0,70.0,72.0,72.0,80.0,69.0,66.0,70.0,70.0,68.0,86.0,80.0,70.0,75.0,59.0,55.0,60.0,76.0,59.0,65.0,68.0,65.0,66.0,70.0,65.0,65.0,69.0,71.0,65.0,59.0,65.0,65.0,64.0,66.0,58.0,64.0,50.0,66.0,67.0,64.0,49.0
94541,758.0,642.0,660.0,676.0,757.0,603.0,549.0,512.0,521.0,509.0,653.0,733.0,516.0,457.0,466.0,489.0,512.0,574.0,581.0,564.0,469.0,463.0,446.0,477.0,575.0,583.0,475.0,406.0,412.0,425.0,391.0,678.0,758.0,614.0,581.0,566.0,547.0,592.0,706.0,834.0,684.0,558.0,571.0,598.0,498.0,548.0,613.0,603.0,484.0,486.0,451.0,463.0,493.0,611.0,521.0,791.0,441.0,468.0,460.0,482.0,733.0,557.0,544.0,542.0,540.0,526.0,659.0,745.0,575.0,526.0,517.0,599.0,606.0,703.0,817.0,715.0,898.0,864.0,833.0,836.0,939.0,904.0,777.0,873.0,880.0,830.0,819.0,850.0,933.0,853.0,837.0,1001.0,1004.0,999.0,1113.0,1226.0,1049.0,975.0,965.0,1018.0,929.0,945.0,1028.0,929.0,889.0,891.0,858.0,860.0,897.0,963.0,856.0,899.0,840.0,881.0,862.0,868.0,930.0,832.0,829.0,834.0,754.0,894.0,972.0,987.0,849.0,890.0,948.0,896.0,825.0,869.0,882.0,897.0,865.0,830.0,872.0,752.0,829.0,1091.0,972.0,941.0,921.0,909.0,873.0,876.0,856.0,962.0,882.0,833.0,891.0,813.0,886.0,1009.0,1035.0,885.0,891.0,915.0,823.0,862.0,954.0,914.0,936.0,915.0,978.0,937.0,940.0,935.0,907.0,842.0,790.0,729.0,721.0,763.0,760.0,868.0,765.0,741.0,791.0,748.0,741.0,788.0,761.0,713.0
94542,240.0,187.0,172.0,181.0,224.0,175.0,162.0,177.0,150.0,157.0,187.0,183.0,140.0,135.0,119.0,150.0,129.0,129.0,168.0,167.0,137.0,154.0,141.0,146.0,148.0,137.0,106.0,83.0,91.0,101.0,80.0,157.0,192.0,157.0,135.0,123.0,106.0,136.0,174.0,190.0,159.0,107.0,128.0,144.0,122.0,144.0,155.0,150.0,127.0,132.0,116.0,150.0,124.0,141.0,113.0,210.0,117.0,120.0,135.0,117.0,217.0,188.0,118.0,129.0,113.0,109.0,136.0,162.0,136.0,121.0,106.0,136.0,128.0,138.0,199.0,161.0,222.0,205.0,182.0,193.0,213.0,216.0,198.0,208.0,206.0,191.0,195.0,205.0,217.0,215.0,196.0,229.0,217.0,241.0,262.0,278.0,245.0,234.0,234.0,239.0,197.0,233.0,219.0,197.0,203.0,198.0,198.0,177.0,204.0,225.0,225.0,217.0,210.0,215.0,190.0,206.0,189.0,197.0,205.0,205.0,207.0,228.0,220.0,253.0,223.0,234.0,235.0,226.0,217.0,203.0,199.0,234.0,233.0,212.0,221.0,175.0,199.0,243.0,232.0,250.0,222.0,236.0,231.0,211.0,213.0,239.0,207.0,216.0,193.0,183.0,185.0,213.0,206.0,226.0,208.0,205.0,212.0,196.0,205.0,215.0,204.0,200.0,193.0,201.0,213.0,213.0,207.0,214.0,178.0,163.0,160.0,205.0,179.0,210.0,186.0,193.0,201.0,204.0,173.0,199.0,182.0,185.0
94543,158.0,118.0,107.0,86.0,130.0,95.0,60.0,80.0,85.0,74.0,70.0,82.0,66.0,60.0,53.0,61.0,94.0,79.0,70.0,65.0,60.0,74.0,61.0,71.0,69.0,92.0,62.0,54.0,45.0,41.0,39.0,69.0,80.0,71.0,77.0,70.0,67.0,65.0,111.0,125.0,92.0,82.0,95.0,118.0,101.0,127.0,133.0,114.0,89.0,76.0,74.0,79.0,85.0,95.0,114.0,121.0,110.0,103.0,78.0,85.0,155.0,139.0,65.0,47.0,43.0,45.0,38.0,57.0,44.0,42.0,47.0,53.0,42.0,67.0,67.0,65.0,70.0,64.0,57.0,66.0,69.0,75.0,53.0,69.0,73.0,64.0,62.0,69.0,76.0,72.0,78.0,84.0,81.0,82.0,81.0,97.0,92.0,80.0,82.0,81.0,84.0,88.0,85.0,77.0,73.0,70.0,72.0,72.0,75.0,75.0,75.0,98.0,81.0,83.0,70.0,73.0,80.0,81.0,80.0,81.0,64.0,90.0,70.0,85.0,86.0,88.0,84.0,93.0,72.0,74.0,75.0,87.0,98.0,85.0,74.0,61.0,61.0,84.0,81.0,84.0,100.0,82.0,73.0,71.0,64.0,71.0,75.0,84.0,84.0,80.0,82.0,87.0,95.0,80.0,70.0,93.0,72.0,70.0,77.0,78.0,72.0,83.0,78.0,85.0,78.0,80.0,75.0,78.0,78.0,65.0,67.0,74.0,69.0,87.0,71.0,65.0,74.0,80.0,60.0,70.0,68.0,64.0
94544,1038.0,942.0,870.0,937.0,1039.0,809.0,809.0,770.0,780.0,789.0,890.0,979.0,739.0,644.0,629.0,675.0,701.0,783.0,827.0,856.0,638.0,616.0,656.0,621.0,769.0,796.0,620.0,502.0,565.0,532.0,518.0,957.0,1057.0,833.0,798.0,787.0,742.0,818.0,977.0,1122.0,875.0,769.0,744.0,795.0,633.0,806.0,862.0,855.0,627.0,679.0,637.0,646.0,696.0,784.0,672.0,1045.0,607.0,629.0,607.0,676.0,1055.0,855.0,681.0,692.0,728.0,741.0,885.0,979.0,809.0,679.0,713.0,805.0,760.0,990.0,1121.0,937.0,1214.0,1155.0,1082.0,1118.0,1225.0,1246.0,1033.0,1184.0,1141.0,1110.0,1078.0,1136.0,1235.0,1080.0,1095.0,1449.0,1409.0,1409.0,1438.0,1628.0,1387.0,1315.0,1241.0,1289.0,1199.0,1253.0,1341.0,1186.0,1202.0,1090.0,1114.0,1102.0,1158.0,1233.0,1113.0,1202.0,1115.0,1152.0,1176.0,1200.0,1232.0,1178.0,1237.0,1200.0,1073.0,1233.0,1273.0,1302.0,1155.0,1265.0,1272.0,1273.0,1210.0,1179.0,1254.0,1297.0,1244.0,1143.0,1172.0,1077.0,1133.0,1424.0,1336.0,1295.0,1283.0,1239.0,1191.0,1251.0,1252.0,1345.0,1203.0,1136.0,1174.0,1127.0,1236.0,1320.0,1307.0,1206.0,1164.0,1111.0,1065.0,1102.0,1283.0,1177.0,1176.0,1200.0,1166.0,1181.0,1166.0,1295.0,1182.0,1107.0,1030.0,903.0,918.0,915.0,962.0,1058.0,987.0,975.0,999.0,947.0,932.0,1006.0,963.0,999.0
94545,502.0,387.0,360.0,394.0,421.0,346.0,312.0,341.0,332.0,323.0,377.0,417.0,272.0,262.0,250.0,307.0,278.0,344.0,324.0,353.0,277.0,238.0,273.0,265.0,321.0,343.0,233.0,244.0,240.0,222.0,258.0,399.0,432.0,353.0,369.0,335.0,356.0,379.0,416.0,446.0,431.0,343.0,325.0,376.0,324.0,369.0,409.0,386.0,294.0,315.0,337.0,306.0,331.0,350.0,306.0,497.0,282.0,311.0,286.0,310.0,474.0,383.0,322.0,325.0,323.0,270.0,350.0,412.0,361.0,317.0,343.0,330.0,376.0,456.0,522.0,417.0,579.0,522.0,528.0,510.0,571.0,566.0,485.0,547.0,537.0,500.0,495.0,520.0,549.0,496.0,514.0,633.0,629.0,605.0,676.0,734.0,646.0,580.0,603.0,614.0,553.0,604.0,627.0,544.0,549.0,536.0,545.0,537.0,551.0,598.0,498.0,553.0,527.0,557.0,511.0,559.0,570.0,576.0,554.0,574.0,505.0,556.0,573.0,584.0,575.0,602.0,611.0,600.0,552.0,560.0,544.0,622.0,594.0,599.0,563.0,485.0,583.0,678.0,643.0,636.0,649.0,604.0,593.0,630.0,598.0,629.0,582.0,562.0,554.0,504.0,540.0,559.0,594.0,556.0,560.0,526.0,512.0,500.0,513.0,524.0,498.0,558.0,495.0,526.0,508.0,567.0,550.0,530.0,527.0,474.0,432.0,442.0,476.0,522.0,473.0,462.0,510.0,473.0,491.0,507.0,455.0,443.0
94546,682.0,520.0,561.0,610.0,666.0,499.0,470.0,463.0,391.0,401.0,520.0,586.0,367.0,352.0,336.0,361.0,403.0,422.0,487.0,473.0,341.0,320.0,345.0,348.0,441.0,506.0,324.0,323.0,286.0,279.0,291.0,453.0,594.0,457.0,472.0,406.0,352.0,403.0,556.0,585.0,459.0,371.0,396.0,442.0,354.0,478.0,493.0,484.0,328.0,392.0,360.0,392.0,424.0,499.0,393.0,696.0,386.0,379.0,333.0,442.0,617.0,507.0,439.0,414.0,399.0,422.0,524.0,600.0,459.0,408.0,374.0,408.0,402.0,644.0,699.0,551.0,786.0,701.0,708.0,746.0,798.0,799.0,775.0,809.0,735.0,706.0,687.0,784.0,792.0,765.0,728.0,909.0,923.0,925.0,1086.0,1084.0,933.0,856.0,838.0,859.0,775.0,855.0,918.0,790.0,759.0,747.0,717.0,703.0,755.0,839.0,757.0,771.0,754.0,744.0,734.0,742.0,783.0,792.0,749.0,730.0,692.0,805.0,787.0,802.0,777.0,794.0,866.0,823.0,730.0,761.0,732.0,805.0,804.0,747.0,785.0,727.0,794.0,953.0,882.0,855.0,798.0,781.0,764.0,794.0,776.0,860.0,809.0,776.0,762.0,730.0,791.0,879.0,900.0,807.0,771.0,724.0,734.0,735.0,807.0,795.0,787.0,818.0,797.0,808.0,790.0,837.0,799.0,772.0,717.0,645.0,632.0,711.0,730.0,798.0,687.0,668.0,652.0,642.0,643.0,690.0,679.0,673.0
94550,561.0,406.0,428.0,485.0,598.0,351.0,364.0,396.0,364.0,295.0,432.0,545.0,358.0,313.0,331.0,356.0,321.0,442.0,536.0,518.0,320.0,287.0,300.0,332.0,428.0,518.0,303.0,284.0,294.0,295.0,288.0,510.0,697.0,446.0,385.0,376.0,365.0,397.0,527.0,640.0,389.0,353.0,344.0,392.0,302.0,398.0,501.0,471.0,345.0,365.0,358.0,390.0,396.0,499.0,365.0,793.0,321.0,330.0,337.0,433.0,607.0,429.0,370.0,382.0,370.0,343.0,489.0,560.0,442.0,342.0,357.0,400.0,414.0,706.0,772.0,648.0,946.0,869.0,850.0,869.0,965.0,935.0,914.0,955.0,923.0,921.0,878.0,944.0,960.0,929.0,913.0,1014.0,1022.0,940.0,1130.0,1239.0,1151.0,1020.0,982.0,1030.0,899.0,939.0,1097.0,925.0,875.0,857.0,932.0,846.0,880.0,965.0,934.0,914.0,887.0,871.0,853.0,886.0,904.0,916.0,910.0,852.0,818.0,880.0,857.0,923.0,892.0,927.0,939.0,909.0,843.0,776.0,872.0,996.0,928.0,859.0,882.0,745.0,819.0,1018.0,942.0,894.0,917.0,837.0,709.0,748.0,784.0,919.0,893.0,840.0,838.0,720.0,844.0,824.0,814.0,862.0,805.0,764.0,706.0,703.0,824.0,778.0,717.0,762.0,727.0,694.0,682.0,710.0,717.0,768.0,703.0,654.0,585.0,641.0,689.0,755.0,693.0,665.0,667.0,620.0,639.0,700.0,639.0,669.0
94551,740.0,607.0,582.0,711.0,801.0,509.0,478.0,469.0,440.0,431.0,629.0,657.0,417.0,395.0,332.0,420.0,416.0,451.0,565.0,529.0,390.0,414.0,392.0,348.0,465.0,551.0,395.0,365.0,326.0,307.0,281.0,544.0,720.0,553.0,501.0,465.0,405.0,479.0,620.0,678.0,496.0,444.0,427.0,486.0,432.0,507.0,572.0,536.0,409.0,457.0,442.0,474.0,495.0,550.0,481.0,838.0,466.0,437.0,442.0,502.0,720.0,572.0,486.0,475.0,469.0,482.0,534.0,643.0,460.0,437.0,404.0,497.0,491.0,672.0,734.0,634.0,906.0,804.0,875.0,780.0,919.0,863.0,841.0,929.0,860.0,809.0,818.0,848.0,911.0,852.0,797.0,1058.0,1006.0,1042.0,1099.0,1200.0,1000.0,975.0,973.0,957.0,844.0,911.0,1016.0,866.0,820.0,766.0,824.0,764.0,819.0,908.0,906.0,914.0,843.0,848.0,828.0,853.0,856.0,847.0,816.0,844.0,791.0,851.0,919.0,919.0,944.0,899.0,928.0,881.0,796.0,881.0,899.0,972.0,852.0,830.0,946.0,820.0,879.0,959.0,943.0,918.0,895.0,845.0,812.0,774.0,803.0,972.0,893.0,882.0,875.0,817.0,900.0,983.0,967.0,894.0,816.0,882.0,788.0,786.0,862.0,858.0,855.0,903.0,917.0,987.0,917.0,894.0,820.0,790.0,747.0,676.0,625.0,693.0,782.0,818.0,794.0,753.0,771.0,718.0,711.0,801.0,794.0,762.0
94552,332.0,240.0,275.0,269.0,342.0,241.0,201.0,199.0,201.0,191.0,250.0,320.0,207.0,174.0,169.0,199.0,191.0,218.0,283.0,257.0,169.0,185.0,178.0,187.0,224.0,250.0,177.0,171.0,150.0,179.0,145.0,250.0,334.0,237.0,195.0,206.0,184.0,207.0,276.0,381.0,240.0,193.0,196.0,196.0,180.0,247.0,262.0,256.0,187.0,186.0,192.0,179.0,238.0,299.0,207.0,432.0,185.0,204.0,173.0,228.0,328.0,228.0,189.0,195.0,192.0,208.0,246.0,326.0,214.0,203.0,213.0,261.0,223.0,421.0,467.0,374.0,531.0,513.0,485.0,494.0,541.0,543.0,536.0,571.0,543.0,520.0,517.0,533.0,546.0,545.0,530.0,605.0,598.0,577.0,616.0,671.0,644.0,598.0,568.0,572.0,536.0,566.0,622.0,556.0,545.0,529.0,555.0,513.0,510.0,547.0,568.0,572.0,524.0,505.0,510.0,519.0,520.0,550.0,541.0,545.0,481.0,524.0,551.0,571.0,537.0,549.0,568.0,553.0,500.0,484.0,527.0,605.0,528.0,530.0,513.0,487.0,470.0,573.0,566.0,568.0,522.0,525.0,484.0,463.0,474.0,565.0,550.0,494.0,478.0,469.0,473.0,524.0,535.0,515.0,514.0,503.0,469.0,454.0,489.0,466.0,475.0,456.0,450.0,461.0,420.0,470.0,455.0,486.0,428.0,437.0,390.0,388.0,426.0,454.0,435.0,435.0,420.0,428.0,373.0,464.0,428.0,388.0
94555,617.0,544.0,535.0,522.0,590.0,410.0,376.0,378.0,412.0,349.0,498.0,550.0,377.0,362.0,312.0,375.0,364.0,429.0,480.0,522.0,364.0,347.0,352.0,343.0,445.0,462.0,341.0,353.0,336.0,299.0,256.0,486.0,553.0,480.0,452.0,401.0,373.0,410.0,563.0,608.0,488.0,423.0,432.0,457.0,383.0,422.0,429.0,503.0,388.0,407.0,403.0,397.0,411.0,492.0,412.0,737.0,365.0,377.0,351.0,424.0,662.0,509.0,473.0,441.0,449.0,453.0,491.0,547.0,449.0,412.0,430.0,502.0,492.0,677.0,721.0,674.0,856.0,851.0,807.0,807.0,815.0,781.0,800.0,865.0,826.0,855.0,818.0,826.0,858.0,859.0,868.0,1002.0,962.0,961.0,998.0,1101.0,1010.0,962.0,964.0,952.0,891.0,918.0,923.0,882.0,880.0,843.0,822.0,794.0,838.0,859.0,878.0,898.0,826.0,852.0,843.0,880.0,878.0,885.0,933.0,902.0,765.0,909.0,897.0,923.0,906.0,973.0,945.0,951.0,905.0,869.0,896.0,984.0,938.0,906.0,919.0,828.0,824.0,1038.0,1030.0,1028.0,946.0,955.0,926.0,910.0,862.0,957.0,943.0,897.0,901.0,867.0,869.0,893.0,1015.0,963.0,919.0,896.0,811.0,820.0,906.0,887.0,884.0,890.0,905.0,871.0,822.0,844.0,867.0,868.0,904.0,760.0,728.0,755.0,734.0,876.0,839.0,797.0,793.0,806.0,721.0,766.0,774.0,704.0
94557,57.0,41.0,44.0,47.0,55.0,35.0,36.0,38.0,35.0,34.0,58.0,53.0,32.0,26.0,22.0,33.0,42.0,38.0,38.0,32.0,24.0,29.0,24.0,37.0,49.0,41.0,34.0,22.0,26.0,35.0,29.0,44.0,56.0,50.0,36.0,29.0,33.0,34.0,50.0,47.0,36.0,39.0,39.0,46.0,36.0,43.0,48.0,44.0,30.0,40.0,40.0,30.0,34.0,32.0,32.0,73.0,27.0,34.0,26.0,34.0,44.0,43.0,43.0,26.0,31.0,32.0,44.0,57.0,33.0,27.0,46.0,48.0,36.0,53.0,60.0,44.0,75.0,57.0,70.0,63.0,85.0,70.0,62.0,58.0,77.0,61.0,78.0,68.0,84.0,80.0,70.0,77.0,75.0,77.0,75.0,91.0,83.0,78.0,63.0,68.0,59.0,79.0,82.0,74.0,62.0,61.0,69.0,61.0,58.0,75.0,54.0,54.0,55.0,66.0,74.0,67.0,65.0,59.0,64.0,65.0,72.0,66.0,66.0,73.0,58.0,65.0,80.0,74.0,70.0,62.0,72.0,74.0,75.0,69.0,82.0,54.0,68.0,84.0,82.0,77.0,77.0,73.0,73.0,67.0,72.0,92.0,76.0,64.0,62.0,60.0,58.0,69.0,76.0,70.0,54.0,54.0,65.0,61.0,58.0,57.0,58.0,52.0,63.0,63.0,66.0,63.0,56.0,70.0,63.0,57.0,58.0,46.0,57.0,59.0,60.0,60.0,60.0,61.0,57.0,44.0,53.0,55.0
94560,803.0,611.0,577.0,659.0,728.0,507.0,479.0,481.0,498.0,451.0,624.0,604.0,436.0,414.0,385.0,426.0,416.0,462.0,523.0,547.0,409.0,332.0,369.0,373.0,485.0,547.0,371.0,359.0,353.0,353.0,340.0,619.0,729.0,537.0,503.0,468.0,413.0,544.0,644.0,700.0,572.0,445.0,475.0,513.0,398.0,546.0,580.0,591.0,413.0,464.0,425.0,408.0,512.0,540.0,463.0,746.0,409.0,413.0,392.0,499.0,714.0,647.0,502.0,534.0,511.0,510.0,651.0,714.0,552.0,509.0,488.0,560.0,530.0,735.0,835.0,611.0,924.0,881.0,867.0,880.0,938.0,900.0,868.0,921.0,913.0,902.0,865.0,895.0,944.0,901.0,872.0,1071.0,1075.0,1057.0,1068.0,1216.0,1065.0,1031.0,972.0,1058.0,959.0,985.0,1031.0,960.0,907.0,894.0,904.0,877.0,895.0,923.0,886.0,934.0,917.0,916.0,896.0,917.0,955.0,887.0,909.0,823.0,814.0,900.0,942.0,947.0,941.0,962.0,1010.0,982.0,942.0,912.0,904.0,1012.0,941.0,947.0,938.0,866.0,887.0,1061.0,1028.0,1023.0,1009.0,957.0,918.0,941.0,923.0,1062.0,911.0,891.0,912.0,937.0,982.0,1009.0,1083.0,1022.0,927.0,944.0,891.0,927.0,975.0,967.0,912.0,981.0,960.0,983.0,949.0,936.0,942.0,934.0,919.0,814.0,760.0,797.0,833.0,937.0,884.0,816.0,896.0,872.0,795.0,867.0,847.0,855.0
94566,590.0,436.0,471.0,497.0,540.0,439.0,367.0,364.0,355.0,318.0,426.0,492.0,307.0,287.0,299.0,303.0,311.0,382.0,454.0,461.0,306.0,297.0,309.0,363.0,410.0,472.0,312.0,278.0,269.0,286.0,245.0,449.0,555.0,445.0,395.0,362.0,319.0,335.0,490.0,547.0,481.0,334.0,352.0,404.0,354.0,414.0,468.0,488.0,318.0,346.0,332.0,364.0,437.0,517.0,375.0,832.0,366.0,363.0,328.0,424.0,587.0,456.0,421.0,371.0,417.0,419.0,498.0,617.0,429.0,394.0,405.0,490.0,502.0,688.0,826.0,729.0,1044.0,925.0,928.0,929.0,965.0,901.0,923.0,991.0,950.0,965.0,893.0,962.0,1013.0,1017.0,1016.0,1162.0,1168.0,1129.0,1217.0,1301.0,1179.0,1136.0,1085.0,1126.0,1014.0,1029.0,1104.0,1031.0,1015.0,1011.0,1036.0,975.0,968.0,1001.0,1065.0,1049.0,990.0,963.0,972.0,1004.0,961.0,980.0,979.0,910.0,888.0,1013.0,964.0,1042.0,1016.0,1021.0,1041.0,1014.0,932.0,929.0,898.0,1065.0,1015.0,994.0,985.0,818.0,891.0,1086.0,1080.0,1038.0,983.0,979.0,866.0,893.0,851.0,996.0,982.0,931.0,871.0,775.0,972.0,984.0,1025.0,983.0,925.0,900.0,808.0,830.0,925.0,929.0,847.0,937.0,893.0,905.0,809.0,854.0,890.0,838.0,854.0,788.0,641.0,677.0,773.0,836.0,795.0,813.0,807.0,794.0,729.0,741.0,781.0,789.0
94568,872.0,760.0,781.0,824.0,973.0,756.0,632.0,648.0,668.0,583.0,785.0,852.0,581.0,642.0,516.0,547.0,593.0,648.0,759.0,809.0,556.0,503.0,539.0,525.0,711.0,793.0,511.0,513.0,488.0,461.0,457.0,755.0,1001.0,700.0,661.0,661.0,560.0,665.0,833.0,1064.0,673.0,579.0,604.0,606.0,645.0,683.0,759.0,806.0,535.0,613.0,565.0,602.0,668.0,809.0,594.0,1255.0,565.0,546.0,524.0,720.0,999.0,769.0,650.0,690.0,668.0,712.0,859.0,1014.0,854.0,666.0,683.0,751.0,755.0,1134.0,1287.0,1179.0,1628.0,1516.0,1467.0,1482.0,1575.0,1476.0,1499.0,1538.0,1539.0,1478.0,1426.0,1489.0,1529.0,1498.0,1476.0,1852.0,1776.0,1779.0,1790.0,1994.0,1836.0,1775.0,1735.0,1761.0,1638.0,1665.0,1786.0,1651.0,1605.0,1562.0,1573.0,1500.0,1485.0,1574.0,1605.0,1632.0,1577.0,1612.0,1538.0,1506.0,1564.0,1596.0,1579.0,1530.0,1452.0,1637.0,1627.0,1574.0,1658.0,1693.0,1728.0,1658.0,1540.0,1509.0,1532.0,1731.0,1666.0,1585.0,1606.0,1517.0,1400.0,1741.0,1746.0,1692.0,1623.0,1584.0,1491.0,1410.0,1430.0,1533.0,1525.0,1463.0,1428.0,1338.0,1412.0,1499.0,1681.0,1511.0,1448.0,1400.0,1297.0,1275.0,1423.0,1460.0,1471.0,1460.0,1506.0,1446.0,1308.0,1409.0,1437.0,1353.0,1319.0,1223.0,1094.0,1131.0,1176.0,1392.0,1311.0,1257.0,1250.0,1206.0,1116.0,1244.0,1289.0,1244.0
94577,638.0,494.0,485.0,532.0,623.0,422.0,441.0,406.0,410.0,405.0,499.0,546.0,387.0,365.0,372.0,392.0,397.0,422.0,435.0,469.0,359.0,319.0,335.0,350.0,430.0,467.0,341.0,331.0,326.0,312.0,325.0,546.0,652.0,475.0,433.0,444.0,399.0,449.0,562.0,675.0,468.0,414.0,415.0,478.0,338.0,475.0,536.0,510.0,378.0,428.0,414.0,416.0,417.0,474.0,372.0,638.0,377.0,362.0,353.0,425.0,608.0,477.0,364.0,398.0,415.0,399.0,462.0,537.0,452.0,377.0,373.0,430.0,435.0,556.0,660.0,556.0,688.0,668.0,649.0,627.0,727.0,721.0,592.0,712.0,708.0,660.0,640.0,653.0,721.0,684.0,678.0,827.0,833.0,821.0,865.0,962.0,848.0,809.0,800.0,829.0,742.0,833.0,830.0,774.0,716.0,686.0,744.0,679.0,729.0,780.0,700.0,777.0,703.0,753.0,712.0,784.0,767.0,775.0,766.0,702.0,668.0,790.0,784.0,831.0,769.0,787.0,811.0,800.0,757.0,758.0,748.0,830.0,823.0,739.0,786.0,685.0,747.0,888.0,880.0,852.0,845.0,750.0,760.0,797.0,741.0,871.0,746.0,726.0,733.0,688.0,729.0,784.0,832.0,800.0,742.0,763.0,685.0,725.0,805.0,785.0,756.0,737.0,720.0,710.0,723.0,737.0,692.0,696.0,671.0,608.0,575.0,661.0,641.0,707.0,633.0,633.0,687.0,649.0,690.0,713.0,669.0,682.0
94578,531.0,449.0,422.0,442.0,536.0,359.0,372.0,365.0,350.0,346.0,442.0,478.0,297.0,325.0,309.0,322.0,363.0,358.0,357.0,399.0,293.0,272.0,289.0,283.0,386.0,411.0,309.0,279.0,243.0,236.0,264.0,484.0,524.0,435.0,428.0,355.0,354.0,355.0,481.0,530.0,431.0,394.0,389.0,439.0,322.0,430.0,435.0,401.0,307.0,364.0,363.0,321.0,348.0,388.0,349.0,484.0,312.0,334.0,276.0,357.0,507.0,417.0,347.0,331.0,336.0,315.0,402.0,490.0,356.0,357.0,352.0,386.0,369.0,476.0,522.0,448.0,555.0,482.0,496.0,517.0,591.0,569.0,486.0,561.0,575.0,536.0,493.0,527.0,554.0,549.0,544.0,675.0,647.0,605.0,679.0,743.0,676.0,617.0,612.0,623.0,534.0,613.0,610.0,545.0,552.0,546.0,573.0,532.0,549.0,596.0,542.0,552.0,510.0,563.0,550.0,547.0,559.0,555.0,549.0,558.0,521.0,617.0,617.0,618.0,560.0,597.0,611.0,613.0,549.0,548.0,559.0,632.0,620.0,577.0,585.0,515.0,544.0,684.0,646.0,663.0,627.0,578.0,580.0,580.0,568.0,666.0,554.0,583.0,571.0,546.0,563.0,615.0,638.0,594.0,563.0,540.0,523.0,516.0,571.0,538.0,522.0,505.0,506.0,528.0,543.0,532.0,523.0,487.0,503.0,466.0,483.0,467.0,502.0,537.0,472.0,477.0,520.0,509.0,486.0,502.0,436.0,438.0
94579,392.0,299.0,286.0,346.0,360.0,244.0,228.0,221.0,231.0,226.0,319.0,367.0,225.0,215.0,193.0,214.0,242.0,268.0,299.0,300.0,207.0,176.0,207.0,182.0,305.0,305.0,222.0,155.0,189.0,171.0,164.0,306.0,375.0,284.0,261.0,229.0,204.0,251.0,314.0,356.0,280.0,223.0,241.0,251.0,165.0,264.0,308.0,292.0,236.0,222.0,221.0,240.0,245.0,305.0,234.0,410.0,223.0,222.0,176.0,256.0,368.0,276.0,239.0,227.0,230.0,199.0,292.0,351.0,251.0,225.0,228.0,277.0,283.0,395.0,446.0,362.0,491.0,466.0,434.0,433.0,475.0,468.0,381.0,445.0,464.0,443.0,418.0,434.0,463.0,436.0,452.0,525.0,501.0,515.0,563.0,648.0,576.0,525.0,547.0,564.0,490.0,567.0,569.0,500.0,496.0,494.0,495.0,493.0,528.0,554.0,476.0,530.0,469.0,485.0,534.0,539.0,524.0,504.0,505.0,476.0,437.0,491.0,562.0,544.0,471.0,512.0,553.0,513.0,491.0,478.0,520.0,598.0,531.0,510.0,500.0,473.0,505.0,615.0,556.0,549.0,554.0,540.0,507.0,575.0,559.0,563.0,499.0,508.0,512.0,489.0,528.0,574.0,542.0,501.0,479.0,490.0,439.0,495.0,556.0,472.0,501.0,500.0,492.0,486.0,506.0,525.0,465.0,478.0,457.0,395.0,392.0,441.0,427.0,495.0,426.0,432.0,472.0,399.0,419.0,522.0,420.0,403.0
94580,607.0,465.0,400.0,435.0,530.0,393.0,392.0,375.0,386.0,362.0,477.0,549.0,337.0,292.0,303.0,382.0,357.0,393.0,455.0,445.0,317.0,296.0,308.0,320.0,405.0,434.0,278.0,294.0,275.0,273.0,261.0,455.0,566.0,440.0,381.0,370.0,337.0,373.0,506.0,521.0,460.0,358.0,373.0,378.0,313.0,434.0,437.0,435.0,336.0,339.0,352.0,331.0,356.0,395.0,375.0,582.0,323.0,329.0,292.0,388.0,513.0,411.0,362.0,355.0,362.0,352.0,423.0,541.0,403.0,334.0,324.0,399.0,365.0,503.0,571.0,468.0,641.0,554.0,559.0,549.0,619.0,626.0,567.0,643.0,566.0,596.0,573.0,601.0,627.0,589.0,568.0,729.0,750.0,729.0,778.0,853.0,764.0,660.0,699.0,726.0,642.0,721.0,719.0,657.0,640.0,618.0,643.0,599.0,644.0,636.0,635.0,661.0,618.0,679.0,629.0,635.0,630.0,656.0,647.0,613.0,582.0,656.0,687.0,641.0,684.0,696.0,707.0,693.0,636.0,687.0,631.0,738.0,686.0,637.0,672.0,627.0,620.0,777.0,733.0,707.0,735.0,662.0,620.0,698.0,632.0,746.0,658.0,670.0,671.0,582.0,647.0,721.0,745.0,689.0,641.0,660.0,613.0,646.0,679.0,644.0,635.0,666.0,677.0,685.0,661.0,663.0,655.0,670.0,611.0,630.0,507.0,580.0,588.0,621.0,564.0,603.0,589.0,581.0,560.0,595.0,595.0,589.0
94586,90.0,70.0,57.0,60.0,58.0,50.0,49.0,59.0,50.0,48.0,53.0,43.0,25.0,46.0,22.0,39.0,47.0,37.0,55.0,41.0,34.0,43.0,33.0,44.0,50.0,41.0,37.0,31.0,35.0,32.0,33.0,51.0,61.0,45.0,54.0,53.0,48.0,64.0,59.0,71.0,52.0,46.0,49.0,60.0,58.0,52.0,55.0,74.0,58.0,58.0,56.0,59.0,46.0,59.0,55.0,99.0,69.0,74.0,47.0,55.0,109.0,82.0,35.0,28.0,31.0,29.0,30.0,29.0,21.0,31.0,22.0,31.0,32.0,45.0,48.0,45.0,67.0,65.0,60.0,64.0,77.0,72.0,55.0,77.0,73.0,65.0,63.0,62.0,67.0,72.0,71.0,78.0,82.0,77.0,92.0,93.0,87.0,83.0,74.0,96.0,78.0,70.0,81.0,74.0,66.0,70.0,74.0,68.0,66.0,69.0,79.0,77.0,63.0,80.0,64.0,70.0,74.0,65.0,65.0,76.0,69.0,65.0,58.0,58.0,62.0,76.0,76.0,69.0,69.0,59.0,67.0,81.0,75.0,72.0,63.0,56.0,63.0,87.0,78.0,76.0,68.0,67.0,59.0,67.0,72.0,60.0,70.0,66.0,58.0,61.0,62.0,62.0,71.0,73.0,80.0,65.0,58.0,53.0,60.0,60.0,47.0,50.0,65.0,55.0,64.0,71.0,52.0,59.0,62.0,52.0,37.0,53.0,63.0,60.0,51.0,50.0,53.0,40.0,58.0,50.0,49.0,48.0
94587,1039.0,864.0,833.0,915.0,1005.0,683.0,661.0,662.0,729.0,645.0,824.0,922.0,557.0,563.0,559.0,626.0,628.0,677.0,796.0,886.0,576.0,526.0,542.0,556.0,798.0,847.0,583.0,503.0,478.0,524.0,484.0,776.0,1087.0,772.0,714.0,714.0,630.0,728.0,913.0,1038.0,706.0,622.0,669.0,713.0,581.0,737.0,777.0,813.0,546.0,636.0,610.0,570.0,697.0,813.0,579.0,1134.0,593.0,610.0,553.0,698.0,983.0,728.0,655.0,701.0,666.0,662.0,835.0,930.0,869.0,667.0,636.0,753.0,739.0,1044.0,1212.0,1033.0,1359.0,1281.0,1250.0,1257.0,1408.0,1338.0,1241.0,1346.0,1329.0,1305.0,1226.0,1364.0,1410.0,1302.0,1294.0,1541.0,1493.0,1471.0,1599.0,1751.0,1575.0,1494.0,1478.0,1462.0,1360.0,1523.0,1606.0,1393.0,1373.0,1346.0,1388.0,1303.0,1388.0,1447.0,1379.0,1407.0,1342.0,1349.0,1424.0,1496.0,1449.0,1402.0,1398.0,1372.0,1287.0,1504.0,1459.0,1532.0,1439.0,1505.0,1560.0,1512.0,1417.0,1423.0,1443.0,1564.0,1488.0,1438.0,1389.0,1375.0,1367.0,1743.0,1636.0,1595.0,1508.0,1525.0,1441.0,1494.0,1447.0,1619.0,1427.0,1323.0,1345.0,1293.0,1396.0,1470.0,1484.0,1416.0,1311.0,1273.0,1187.0,1235.0,1349.0,1329.0,1343.0,1342.0,1333.0,1378.0,1355.0,1396.0,1305.0,1299.0,1261.0,1143.0,1064.0,1157.0,1176.0,1324.0,1207.0,1184.0,1254.0,1184.0,1159.0,1252.0,1192.0,1167.0
94588,452.0,351.0,361.0,410.0,439.0,366.0,294.0,277.0,292.0,287.0,377.0,439.0,262.0,257.0,247.0,253.0,242.0,328.0,380.0,385.0,248.0,220.0,245.0,251.0,349.0,393.0,248.0,221.0,214.0,226.0,223.0,381.0,517.0,340.0,327.0,290.0,301.0,340.0,393.0,492.0,430.0,293.0,288.0,308.0,270.0,354.0,409.0,386.0,271.0,315.0,278.0,254.0,295.0,410.0,305.0,661.0,240.0,288.0,245.0,334.0,497.0,373.0,359.0,335.0,357.0,351.0,456.0,535.0,392.0,332.0,358.0,383.0,480.0,581.0,702.0,632.0,879.0,837.0,829.0,841.0,841.0,790.0,835.0,845.0,852.0,813.0,773.0,843.0,845.0,882.0,876.0,965.0,976.0,953.0,993.0,1055.0,1025.0,927.0,949.0,927.0,860.0,885.0,967.0,916.0,897.0,887.0,845.0,818.0,823.0,840.0,883.0,903.0,887.0,884.0,872.0,832.0,876.0,874.0,838.0,816.0,819.0,859.0,844.0,875.0,882.0,875.0,910.0,888.0,818.0,799.0,814.0,925.0,928.0,836.0,876.0,795.0,745.0,888.0,914.0,893.0,903.0,887.0,779.0,790.0,759.0,827.0,864.0,874.0,810.0,713.0,784.0,781.0,903.0,811.0,839.0,759.0,681.0,705.0,727.0,749.0,752.0,791.0,789.0,729.0,685.0,756.0,758.0,729.0,732.0,681.0,619.0,604.0,679.0,747.0,687.0,652.0,682.0,620.0,608.0,653.0,671.0,627.0
94601,633.0,520.0,558.0,583.0,618.0,482.0,492.0,496.0,472.0,441.0,531.0,527.0,447.0,407.0,348.0,410.0,418.0,432.0,463.0,481.0,386.0,350.0,346.0,370.0,476.0,411.0,378.0,377.0,363.0,303.0,348.0,562.0,623.0,563.0,537.0,520.0,448.0,490.0,599.0,629.0,508.0,464.0,470.0,490.0,350.0,489.0,523.0,535.0,381.0,376.0,376.0,400.0,417.0,455.0,399.0,593.0,309.0,351.0,363.0,407.0,596.0,472.0,466.0,445.0,467.0,464.0,522.0,557.0,487.0,434.0,417.0,467.0,394.0,572.0,677.0,580.0,664.0,589.0,603.0,552.0,647.0,629.0,567.0,656.0,640.0,595.0,582.0,602.0,661.0,633.0,576.0,800.0,742.0,789.0,815.0,862.0,794.0,710.0,719.0,775.0,669.0,718.0,728.0,681.0,629.0,657.0,657.0,666.0,644.0,712.0,637.0,693.0,603.0,620.0,663.0,650.0,609.0,624.0,623.0,587.0,539.0,682.0,686.0,693.0,644.0,706.0,724.0,661.0,653.0,648.0,653.0,768.0,659.0,594.0,634.0,596.0,602.0,759.0,745.0,707.0,704.0,688.0,656.0,619.0,644.0,676.0,647.0,600.0,651.0,580.0,623.0,694.0,681.0,663.0,629.0,636.0,633.0,606.0,691.0,728.0,714.0,722.0,720.0,751.0,744.0,750.0,696.0,646.0,588.0,493.0,504.0,502.0,569.0,612.0,562.0,534.0,541.0,544.0,569.0,589.0,538.0,658.0
94602,303.0,263.0,275.0,311.0,315.0,253.0,237.0,240.0,219.0,218.0,231.0,269.0,188.0,185.0,150.0,188.0,192.0,206.0,213.0,222.0,168.0,150.0,172.0,192.0,189.0,204.0,184.0,163.0,143.0,144.0,119.0,211.0,260.0,231.0,215.0,229.0,180.0,214.0,263.0,315.0,250.0,223.0,255.0,227.0,193.0,229.0,244.0,265.0,203.0,196.0,189.0,209.0,181.0,219.0,217.0,318.0,184.0,190.0,163.0,216.0,335.0,247.0,192.0,201.0,210.0,214.0,218.0,248.0,239.0,186.0,193.0,207.0,225.0,274.0,304.0,268.0,294.0,296.0,277.0,284.0,290.0,309.0,257.0,311.0,304.0,299.0,294.0,279.0,304.0,299.0,290.0,369.0,355.0,372.0,417.0,431.0,376.0,323.0,366.0,377.0,342.0,352.0,358.0,316.0,325.0,324.0,330.0,290.0,326.0,337.0,324.0,325.0,293.0,312.0,296.0,319.0,285.0,313.0,289.0,296.0,278.0,320.0,331.0,310.0,319.0,359.0,386.0,324.0,299.0,326.0,343.0,411.0,339.0,307.0,291.0,268.0,278.0,324.0,354.0,377.0,362.0,322.0,291.0,334.0,312.0,329.0,323.0,298.0,312.0,315.0,334.0,353.0,371.0,355.0,349.0,320.0,298.0,315.0,345.0,336.0,332.0,337.0,327.0,357.0,349.0,362.0,320.0,318.0,310.0,295.0,235.0,291.0,276.0,348.0,332.0,326.0,297.0,337.0,304.0,351.0,297.0,336.0
94603,366.0,325.0,301.0,327.0,341.0,264.0,266.0,268.0,246.0,242.0,293.0,342.0,251.0,213.0,212.0,228.0,243.0,262.0,261.0,287.0,216.0,207.0,228.0,219.0,264.0,305.0,209.0,178.0,169.0,209.0,189.0,346.0,405.0,331.0,286.0,323.0,247.0,235.0,320.0,389.0,271.0,220.0,271.0,277.0,201.0,255.0,265.0,269.0,219.0,233.0,202.0,231.0,206.0,260.0,220.0,327.0,202.0,191.0,186.0,226.0,342.0,296.0,258.0,264.0,257.0,231.0,276.0,304.0,238.0,194.0,237.0,244.0,219.0,295.0,355.0,324.0,364.0,332.0,308.0,317.0,374.0,372.0,307.0,360.0,334.0,334.0,333.0,332.0,345.0,334.0,306.0,402.0,364.0,417.0,423.0,461.0,415.0,392.0,353.0,404.0,342.0,372.0,358.0,343.0,309.0,309.0,332.0,288.0,308.0,356.0,350.0,374.0,326.0,312.0,322.0,335.0,322.0,326.0,309.0,326.0,287.0,367.0,379.0,395.0,337.0,368.0,363.0,321.0,333.0,352.0,334.0,391.0,338.0,330.0,335.0,291.0,328.0,426.0,411.0,366.0,370.0,363.0,323.0,348.0,325.0,389.0,333.0,349.0,352.0,322.0,318.0,363.0,334.0,325.0,297.0,314.0,283.0,319.0,335.0,317.0,318.0,339.0,331.0,314.0,302.0,308.0,276.0,297.0,311.0,254.0,237.0,291.0,327.0,312.0,276.0,291.0,302.0,284.0,295.0,301.0,271.0,269.0
94604,45.0,46.0,44.0,55.0,63.0,49.0,46.0,46.0,47.0,44.0,47.0,46.0,37.0,37.0,24.0,33.0,36.0,42.0,45.0,36.0,27.0,23.0,33.0,39.0,49.0,31.0,47.0,24.0,23.0,25.0,17.0,46.0,57.0,47.0,37.0,40.0,31.0,37.0,47.0,52.0,53.0,44.0,43.0,39.0,34.0,39.0,39.0,55.0,36.0,36.0,33.0,46.0,34.0,43.0,46.0,60.0,36.0,36.0,37.0,44.0,50.0,50.0,42.0,37.0,47.0,39.0,34.0,52.0,47.0,31.0,43.0,41.0,44.0,49.0,63.0,61.0,59.0,54.0,55.0,55.0,57.0,42.0,59.0,46.0,48.0,54.0,47.0,46.0,45.0,62.0,45.0,64.0,73.0,65.0,68.0,65.0,64.0,53.0,59.0,65.0,49.0,53.0,63.0,57.0,65.0,58.0,60.0,50.0,52.0,57.0,46.0,52.0,43.0,35.0,46.0,50.0,50.0,54.0,43.0,55.0,55.0,71.0,72.0,48.0,45.0,59.0,70.0,61.0,65.0,59.0,72.0,69.0,59.0,69.0,56.0,65.0,63.0,68.0,67.0,73.0,76.0,77.0,80.0,69.0,58.0,61.0,78.0,73.0,89.0,71.0,66.0,76.0,85.0,68.0,65.0,79.0,53.0,58.0,70.0,75.0,72.0,61.0,66.0,63.0,59.0,62.0,62.0,53.0,55.0,26.0,49.0,60.0,65.0,57.0,55.0,67.0,48.0,51.0,56.0,61.0,66.0,52.0
94605,512.0,444.0,393.0,447.0,510.0,369.0,375.0,390.0,356.0,331.0,411.0,474.0,367.0,327.0,302.0,330.0,313.0,352.0,358.0,405.0,313.0,271.0,309.0,286.0,381.0,405.0,278.0,282.0,259.0,261.0,248.0,425.0,557.0,417.0,405.0,369.0,367.0,371.0,445.0,531.0,421.0,367.0,385.0,431.0,293.0,391.0,423.0,406.0,307.0,329.0,318.0,346.0,316.0,390.0,340.0,477.0,291.0,329.0,295.0,332.0,502.0,404.0,389.0,401.0,380.0,342.0,387.0,422.0,387.0,333.0,322.0,392.0,369.0,491.0,508.0,420.0,532.0,521.0,486.0,479.0,534.0,529.0,414.0,528.0,551.0,500.0,484.0,499.0,547.0,545.0,514.0,658.0,602.0,633.0,649.0,690.0,647.0,564.0,550.0,611.0,515.0,592.0,572.0,504.0,471.0,443.0,467.0,463.0,489.0,507.0,488.0,554.0,470.0,527.0,463.0,484.0,511.0,501.0,498.0,480.0,475.0,566.0,581.0,555.0,541.0,595.0,609.0,555.0,485.0,471.0,495.0,579.0,516.0,512.0,530.0,521.0,495.0,665.0,589.0,569.0,602.0,548.0,522.0,569.0,486.0,559.0,518.0,533.0,571.0,502.0,535.0,570.0,597.0,555.0,545.0,546.0,504.0,512.0,555.0,563.0,532.0,531.0,568.0,555.0,581.0,594.0,544.0,494.0,527.0,437.0,427.0,469.0,470.0,562.0,476.0,461.0,499.0,474.0,479.0,498.0,524.0,490.0
94606,468.0,403.0,393.0,391.0,438.0,349.0,327.0,349.0,304.0,299.0,370.0,387.0,300.0,269.0,265.0,256.0,262.0,297.0,348.0,358.0,274.0,271.0,277.0,289.0,353.0,352.0,274.0,257.0,266.0,221.0,273.0,397.0,447.0,336.0,344.0,360.0,302.0,352.0,434.0,466.0,347.0,298.0,308.0,332.0,270.0,325.0,366.0,346.0,285.0,270.0,265.0,292.0,264.0,296.0,274.0,430.0,277.0,280.0,236.0,267.0,443.0,328.0,321.0,341.0,285.0,318.0,342.0,398.0,317.0,291.0,273.0,305.0,313.0,379.0,423.0,361.0,484.0,442.0,416.0,413.0,432.0,437.0,390.0,443.0,443.0,404.0,416.0,440.0,474.0,436.0,447.0,572.0,517.0,529.0,575.0,656.0,582.0,535.0,509.0,562.0,503.0,535.0,536.0,477.0,467.0,466.0,452.0,470.0,465.0,498.0,505.0,490.0,448.0,503.0,484.0,524.0,482.0,492.0,482.0,461.0,421.0,527.0,521.0,525.0,480.0,539.0,542.0,526.0,491.0,493.0,474.0,541.0,533.0,463.0,468.0,424.0,440.0,606.0,606.0,567.0,552.0,535.0,516.0,524.0,478.0,565.0,506.0,494.0,494.0,469.0,484.0,533.0,525.0,493.0,479.0,494.0,431.0,456.0,516.0,519.0,512.0,513.0,462.0,495.0,493.0,471.0,494.0,473.0,484.0,446.0,373.0,461.0,451.0,508.0,460.0,444.0,479.0,503.0,445.0,479.0,485.0,443.0
94607,329.0,295.0,278.0,281.0,332.0,284.0,246.0,250.0,248.0,233.0,267.0,287.0,239.0,215.0,188.0,189.0,207.0,195.0,216.0,196.0,185.0,181.0,183.0,168.0,220.0,211.0,188.0,137.0,153.0,142.0,141.0,250.0,288.0,269.0,257.0,222.0,199.0,208.0,280.0,297.0,220.0,192.0,232.0,249.0,202.0,198.0,229.0,205.0,183.0,207.0,184.0,200.0,183.0,208.0,207.0,257.0,187.0,200.0,170.0,182.0,297.0,257.0,232.0,232.0,225.0,224.0,234.0,269.0,258.0,237.0,206.0,254.0,254.0,265.0,304.0,258.0,302.0,264.0,268.0,270.0,284.0,285.0,223.0,286.0,281.0,254.0,234.0,237.0,251.0,278.0,289.0,353.0,361.0,372.0,355.0,374.0,374.0,339.0,344.0,345.0,309.0,326.0,330.0,325.0,279.0,291.0,292.0,290.0,290.0,321.0,286.0,322.0,271.0,305.0,291.0,332.0,286.0,299.0,296.0,269.0,254.0,363.0,377.0,357.0,320.0,367.0,395.0,328.0,333.0,328.0,352.0,404.0,347.0,312.0,352.0,313.0,317.0,379.0,381.0,363.0,372.0,358.0,335.0,354.0,331.0,362.0,364.0,330.0,355.0,315.0,347.0,405.0,396.0,402.0,362.0,352.0,344.0,327.0,382.0,378.0,362.0,369.0,379.0,360.0,351.0,387.0,359.0,340.0,349.0,307.0,279.0,315.0,320.0,348.0,336.0,332.0,330.0,328.0,319.0,372.0,310.0,357.0
94608,345.0,289.0,294.0,325.0,369.0,286.0,288.0,272.0,296.0,305.0,317.0,338.0,236.0,210.0,249.0,224.0,264.0,237.0,248.0,245.0,230.0,214.0,212.0,200.0,256.0,255.0,195.0,187.0,185.0,178.0,185.0,351.0,349.0,306.0,274.0,264.0,231.0,278.0,332.0,324.0,272.0,231.0,282.0,286.0,231.0,244.0,257.0,276.0,207.0,248.0,221.0,224.0,228.0,245.0,221.0,303.0,220.0,203.0,193.0,186.0,283.0,268.0,229.0,234.0,245.0,236.0,270.0,311.0,264.0,239.0,232.0,271.0,220.0,277.0,307.0,296.0,379.0,330.0,310.0,302.0,336.0,350.0,301.0,342.0,335.0,298.0,284.0,296.0,304.0,321.0,321.0,401.0,361.0,412.0,386.0,423.0,425.0,367.0,381.0,391.0,344.0,374.0,378.0,362.0,342.0,333.0,338.0,319.0,321.0,371.0,351.0,336.0,319.0,340.0,347.0,334.0,318.0,342.0,340.0,323.0,304.0,373.0,364.0,360.0,357.0,393.0,404.0,370.0,366.0,333.0,325.0,423.0,416.0,359.0,357.0,342.0,305.0,419.0,427.0,426.0,418.0,387.0,370.0,365.0,357.0,391.0,349.0,349.0,363.0,329.0,302.0,350.0,396.0,366.0,334.0,334.0,314.0,304.0,330.0,364.0,335.0,353.0,338.0,346.0,330.0,385.0,336.0,335.0,366.0,286.0,265.0,285.0,297.0,356.0,331.0,297.0,325.0,326.0,308.0,294.0,291.0,323.0
94609,184.0,153.0,160.0,178.0,206.0,155.0,155.0,139.0,143.0,135.0,162.0,156.0,140.0,99.0,115.0,104.0,121.0,115.0,117.0,121.0,100.0,101.0,107.0,92.0,138.0,131.0,111.0,98.0,85.0,82.0,97.0,173.0,167.0,152.0,139.0,148.0,124.0,114.0,150.0,188.0,148.0,134.0,136.0,130.0,105.0,137.0,145.0,133.0,102.0,119.0,122.0,120.0,113.0,121.0,113.0,145.0,118.0,128.0,103.0,106.0,173.0,149.0,141.0,103.0,121.0,108.0,120.0,126.0,131.0,127.0,103.0,94.0,107.0,121.0,147.0,143.0,172.0,155.0,150.0,146.0,170.0,167.0,145.0,169.0,165.0,144.0,126.0,160.0,157.0,144.0,148.0,197.0,167.0,183.0,197.0,216.0,198.0,177.0,171.0,204.0,173.0,180.0,178.0,179.0,158.0,155.0,175.0,173.0,141.0,174.0,169.0,180.0,144.0,196.0,148.0,182.0,156.0,172.0,153.0,148.0,135.0,188.0,165.0,171.0,172.0,184.0,179.0,152.0,163.0,159.0,171.0,201.0,162.0,138.0,172.0,155.0,173.0,211.0,225.0,206.0,169.0,164.0,183.0,159.0,155.0,189.0,171.0,153.0,185.0,164.0,141.0,141.0,190.0,163.0,166.0,158.0,169.0,141.0,161.0,184.0,169.0,144.0,147.0,156.0,165.0,167.0,137.0,161.0,142.0,112.0,113.0,139.0,132.0,159.0,153.0,147.0,154.0,151.0,154.0,130.0,134.0,129.0
94610,275.0,249.0,266.0,226.0,292.0,233.0,232.0,210.0,202.0,202.0,264.0,249.0,176.0,148.0,147.0,152.0,165.0,160.0,176.0,171.0,145.0,163.0,150.0,159.0,205.0,209.0,150.0,141.0,121.0,129.0,127.0,236.0,274.0,239.0,220.0,199.0,149.0,188.0,300.0,328.0,254.0,193.0,213.0,254.0,183.0,210.0,209.0,193.0,176.0,192.0,163.0,187.0,193.0,193.0,193.0,268.0,179.0,164.0,132.0,149.0,291.0,257.0,220.0,201.0,191.0,221.0,243.0,263.0,227.0,175.0,178.0,216.0,203.0,258.0,277.0,218.0,333.0,272.0,281.0,278.0,284.0,285.0,245.0,294.0,297.0,266.0,274.0,281.0,260.0,268.0,291.0,370.0,343.0,368.0,343.0,397.0,380.0,290.0,293.0,324.0,279.0,298.0,298.0,285.0,270.0,268.0,259.0,258.0,280.0,298.0,291.0,287.0,238.0,252.0,270.0,278.0,261.0,266.0,280.0,267.0,258.0,299.0,312.0,307.0,293.0,305.0,320.0,297.0,278.0,283.0,270.0,352.0,324.0,295.0,337.0,266.0,267.0,346.0,336.0,318.0,343.0,285.0,287.0,295.0,267.0,303.0,316.0,309.0,314.0,282.0,276.0,293.0,349.0,325.0,300.0,321.0,305.0,307.0,343.0,352.0,365.0,338.0,344.0,353.0,341.0,329.0,340.0,307.0,283.0,242.0,233.0,221.0,237.0,317.0,289.0,290.0,325.0,326.0,276.0,268.0,274.0,314.0
94611,374.0,301.0,297.0,292.0,346.0,277.0,263.0,287.0,235.0,227.0,265.0,327.0,237.0,208.0,183.0,195.0,220.0,241.0,216.0,256.0,183.0,187.0,204.0,229.0,270.0,231.0,203.0,181.0,181.0,169.0,153.0,273.0,305.0,294.0,269.0,212.0,225.0,197.0,286.0,326.0,303.0,228.0,269.0,249.0,253.0,254.0,254.0,248.0,198.0,215.0,209.0,209.0,206.0,258.0,232.0,424.0,238.0,231.0,195.0,206.0,347.0,290.0,257.0,254.0,265.0,268.0,309.0,384.0,287.0,267.0,259.0,275.0,302.0,408.0,399.0,373.0,468.0,433.0,494.0,412.0,469.0,424.0,441.0,469.0,437.0,417.0,428.0,423.0,409.0,407.0,438.0,546.0,528.0,562.0,558.0,555.0,537.0,483.0,483.0,458.0,437.0,453.0,468.0,437.0,429.0,424.0,473.0,412.0,408.0,441.0,431.0,435.0,406.0,423.0,417.0,442.0,380.0,430.0,429.0,453.0,398.0,450.0,468.0,450.0,493.0,495.0,514.0,454.0,421.0,447.0,396.0,477.0,440.0,450.0,503.0,424.0,416.0,495.0,548.0,457.0,500.0,463.0,441.0,375.0,361.0,463.0,466.0,433.0,425.0,390.0,450.0,458.0,514.0,456.0,422.0,404.0,388.0,370.0,376.0,448.0,442.0,464.0,466.0,474.0,427.0,416.0,428.0,417.0,388.0,357.0,300.0,349.0,332.0,448.0,388.0,419.0,411.0,426.0,366.0,364.0,436.0,405.0
94612,157.0,150.0,158.0,150.0,193.0,143.0,123.0,118.0,122.0,140.0,131.0,126.0,95.0,97.0,82.0,87.0,111.0,118.0,109.0,117.0,101.0,86.0,92.0,67.0,104.0,123.0,87.0,84.0,83.0,76.0,83.0,133.0,161.0,138.0,146.0,134.0,130.0,135.0,139.0,163.0,122.0,111.0,107.0,130.0,84.0,94.0,111.0,108.0,101.0,108.0,101.0,114.0,109.0,107.0,115.0,135.0,105.0,114.0,118.0,82.0,151.0,139.0,120.0,121.0,111.0,99.0,105.0,107.0,125.0,105.0,121.0,134.0,121.0,115.0,132.0,113.0,156.0,133.0,138.0,124.0,144.0,151.0,98.0,144.0,162.0,135.0,126.0,125.0,134.0,127.0,131.0,198.0,174.0,163.0,174.0,186.0,171.0,185.0,171.0,172.0,146.0,168.0,147.0,162.0,147.0,147.0,137.0,139.0,133.0,146.0,154.0,169.0,112.0,162.0,152.0,139.0,128.0,141.0,138.0,145.0,134.0,168.0,167.0,155.0,151.0,184.0,158.0,155.0,145.0,153.0,127.0,174.0,156.0,144.0,143.0,158.0,149.0,187.0,183.0,178.0,193.0,167.0,156.0,168.0,153.0,160.0,163.0,171.0,184.0,157.0,134.0,161.0,171.0,164.0,158.0,173.0,151.0,133.0,150.0,167.0,152.0,175.0,145.0,145.0,143.0,159.0,140.0,139.0,151.0,133.0,125.0,126.0,130.0,156.0,148.0,147.0,149.0,134.0,133.0,133.0,123.0,134.0
94614,69.0,58.0,65.0,67.0,54.0,48.0,49.0,54.0,50.0,46.0,61.0,57.0,61.0,47.0,45.0,42.0,32.0,46.0,56.0,62.0,44.0,34.0,37.0,40.0,48.0,48.0,41.0,57.0,36.0,44.0,54.0,67.0,57.0,69.0,62.0,53.0,54.0,57.0,60.0,79.0,81.0,48.0,46.0,51.0,57.0,48.0,66.0,62.0,42.0,50.0,59.0,52.0,54.0,53.0,48.0,79.0,51.0,51.0,46.0,53.0,73.0,60.0,62.0,38.0,63.0,74.0,67.0,59.0,64.0,58.0,46.0,56.0,53.0,58.0,78.0,65.0,89.0,70.0,77.0,75.0,78.0,78.0,79.0,75.0,72.0,70.0,57.0,74.0,78.0,76.0,70.0,89.0,78.0,83.0,86.0,96.0,82.0,74.0,74.0,84.0,61.0,68.0,64.0,65.0,63.0,49.0,62.0,63.0,50.0,68.0,60.0,70.0,63.0,70.0,64.0,70.0,73.0,82.0,65.0,64.0,68.0,75.0,79.0,63.0,64.0,78.0,66.0,82.0,63.0,62.0,67.0,81.0,84.0,61.0,74.0,67.0,59.0,77.0,82.0,65.0,76.0,71.0,60.0,64.0,56.0,75.0,61.0,66.0,68.0,60.0,70.0,68.0,82.0,65.0,77.0,63.0,68.0,61.0,67.0,65.0,84.0,48.0,61.0,75.0,60.0,79.0,84.0,80.0,67.0,57.0,64.0,70.0,59.0,63.0,64.0,46.0,57.0,52.0,52.0,64.0,62.0,53.0
94618,161.0,132.0,113.0,101.0,134.0,91.0,125.0,108.0,94.0,107.0,118.0,135.0,86.0,83.0,95.0,97.0,86.0,100.0,108.0,85.0,78.0,80.0,81.0,102.0,113.0,99.0,93.0,57.0,67.0,60.0,49.0,106.0,135.0,116.0,109.0,109.0,97.0,91.0,148.0,132.0,125.0,87.0,103.0,112.0,94.0,97.0,98.0,105.0,84.0,102.0,82.0,105.0,92.0,106.0,102.0,166.0,110.0,95.0,77.0,99.0,155.0,152.0,110.0,102.0,106.0,114.0,111.0,138.0,113.0,102.0,94.0,123.0,106.0,152.0,171.0,130.0,167.0,127.0,160.0,152.0,171.0,162.0,159.0,190.0,172.0,137.0,158.0,149.0,147.0,168.0,180.0,230.0,229.0,211.0,228.0,227.0,204.0,188.0,183.0,210.0,171.0,168.0,175.0,181.0,169.0,157.0,153.0,144.0,155.0,168.0,187.0,190.0,140.0,155.0,154.0,161.0,135.0,173.0,164.0,147.0,155.0,179.0,156.0,166.0,174.0,177.0,183.0,166.0,159.0,164.0,159.0,185.0,187.0,186.0,178.0,107.0,146.0,170.0,212.0,182.0,193.0,154.0,138.0,138.0,132.0,168.0,170.0,165.0,167.0,173.0,164.0,173.0,183.0,177.0,157.0,180.0,171.0,149.0,159.0,169.0,175.0,215.0,214.0,196.0,203.0,206.0,224.0,193.0,195.0,157.0,110.0,147.0,150.0,169.0,175.0,164.0,171.0,190.0,156.0,160.0,176.0,207.0
94619,289.0,263.0,266.0,267.0,329.0,211.0,201.0,199.0,196.0,196.0,256.0,304.0,189.0,146.0,154.0,179.0,180.0,192.0,219.0,211.0,149.0,150.0,155.0,178.0,216.0,213.0,173.0,156.0,165.0,155.0,154.0,263.0,301.0,232.0,208.0,198.0,169.0,181.0,275.0,283.0,211.0,189.0,203.0,215.0,193.0,216.0,261.0,214.0,166.0,187.0,141.0,166.0,178.0,171.0,174.0,258.0,148.0,151.0,149.0,161.0,263.0,218.0,200.0,167.0,182.0,181.0,206.0,255.0,202.0,195.0,173.0,212.0,195.0,284.0,285.0,236.0,312.0,244.0,293.0,291.0,330.0,334.0,280.0,303.0,308.0,296.0,278.0,323.0,332.0,332.0,335.0,394.0,362.0,394.0,388.0,401.0,372.0,351.0,331.0,375.0,316.0,374.0,328.0,289.0,294.0,288.0,301.0,296.0,323.0,330.0,311.0,333.0,267.0,317.0,310.0,318.0,277.0,311.0,314.0,284.0,262.0,324.0,331.0,351.0,289.0,314.0,328.0,298.0,292.0,290.0,263.0,342.0,325.0,282.0,322.0,253.0,290.0,347.0,348.0,338.0,344.0,312.0,275.0,303.0,273.0,355.0,314.0,302.0,294.0,274.0,279.0,308.0,320.0,328.0,293.0,283.0,256.0,283.0,286.0,312.0,291.0,294.0,298.0,306.0,302.0,284.0,275.0,315.0,278.0,230.0,201.0,263.0,242.0,289.0,247.0,240.0,242.0,261.0,236.0,235.0,242.0,244.0
94620,11.0,11.0,13.0,8.0,20.0,12.0,6.0,6.0,13.0,14.0,19.0,13.0,18.0,11.0,12.0,12.0,12.0,9.0,14.0,7.0,8.0,7.0,8.0,8.0,8.0,7.0,8.0,5.0,5.0,10.0,11.0,20.0,17.0,18.0,15.0,20.0,12.0,12.0,12.0,21.0,13.0,6.0,10.0,19.0,7.0,7.0,6.0,8.0,8.0,9.0,5.0,16.0,9.0,8.0,9.0,7.0,7.0,10.0,10.0,8.0,16.0,11.0,8.0,14.0,6.0,15.0,6.0,7.0,11.0,3.0,9.0,13.0,12.0,12.0,18.0,16.0,17.0,18.0,12.0,20.0,20.0,16.0,9.0,17.0,21.0,13.0,8.0,16.0,16.0,18.0,17.0,21.0,11.0,12.0,9.0,22.0,20.0,14.0,10.0,18.0,19.0,23.0,15.0,17.0,11.0,13.0,18.0,16.0,18.0,13.0,17.0,20.0,17.0,13.0,14.0,17.0,17.0,13.0,18.0,11.0,8.0,8.0,15.0,14.0,10.0,17.0,18.0,13.0,14.0,10.0,17.0,26.0,24.0,13.0,13.0,12.0,13.0,22.0,20.0,14.0,13.0,14.0,11.0,11.0,14.0,16.0,14.0,17.0,16.0,16.0,13.0,19.0,23.0,21.0,18.0,21.0,13.0,18.0,17.0,19.0,20.0,18.0,15.0,14.0,17.0,14.0,14.0,11.0,16.0,9.0,11.0,13.0,14.0,14.0,9.0,8.0,7.0,9.0,14.0,10.0,10.0,11.0
94621,475.0,390.0,373.0,406.0,472.0,373.0,372.0,311.0,331.0,297.0,375.0,419.0,340.0,322.0,274.0,293.0,271.0,335.0,347.0,332.0,276.0,282.0,279.0,247.0,323.0,311.0,289.0,257.0,271.0,237.0,208.0,445.0,479.0,395.0,381.0,361.0,332.0,349.0,400.0,466.0,393.0,347.0,356.0,375.0,261.0,330.0,345.0,376.0,289.0,305.0,269.0,314.0,276.0,330.0,293.0,387.0,256.0,257.0,234.0,267.0,419.0,336.0,315.0,310.0,295.0,306.0,297.0,345.0,306.0,260.0,292.0,301.0,286.0,362.0,414.0,400.0,458.0,415.0,357.0,388.0,418.0,406.0,355.0,387.0,370.0,373.0,351.0,390.0,410.0,392.0,385.0,487.0,445.0,479.0,486.0,511.0,472.0,453.0,446.0,450.0,409.0,417.0,487.0,416.0,403.0,420.0,400.0,377.0,400.0,430.0,437.0,452.0,378.0,393.0,426.0,445.0,443.0,425.0,383.0,383.0,366.0,434.0,430.0,477.0,410.0,426.0,443.0,408.0,416.0,399.0,428.0,465.0,425.0,417.0,393.0,387.0,367.0,473.0,459.0,447.0,427.0,453.0,412.0,414.0,435.0,472.0,444.0,410.0,401.0,353.0,387.0,410.0,426.0,432.0,403.0,405.0,346.0,371.0,417.0,419.0,450.0,392.0,430.0,405.0,386.0,399.0,407.0,390.0,370.0,322.0,326.0,309.0,370.0,414.0,375.0,369.0,380.0,366.0,343.0,384.0,335.0,371.0
94623,39.0,28.0,27.0,36.0,29.0,30.0,24.0,34.0,31.0,28.0,35.0,41.0,24.0,20.0,11.0,16.0,23.0,21.0,25.0,27.0,17.0,9.0,21.0,21.0,19.0,31.0,13.0,14.0,17.0,21.0,14.0,22.0,25.0,19.0,22.0,26.0,17.0,25.0,29.0,24.0,22.0,17.0,24.0,24.0,16.0,23.0,28.0,25.0,17.0,19.0,21.0,22.0,18.0,28.0,24.0,24.0,16.0,24.0,22.0,22.0,32.0,34.0,23.0,25.0,21.0,25.0,23.0,30.0,27.0,23.0,17.0,28.0,31.0,22.0,30.0,29.0,39.0,34.0,25.0,29.0,28.0,36.0,42.0,29.0,31.0,31.0,28.0,36.0,35.0,39.0,33.0,34.0,35.0,40.0,43.0,45.0,34.0,30.0,32.0,34.0,31.0,34.0,42.0,34.0,31.0,22.0,36.0,20.0,35.0,29.0,24.0,35.0,34.0,27.0,38.0,42.0,31.0,28.0,35.0,26.0,20.0,28.0,34.0,27.0,27.0,30.0,35.0,40.0,31.0,21.0,27.0,41.0,39.0,23.0,27.0,30.0,19.0,30.0,25.0,30.0,27.0,29.0,28.0,29.0,25.0,30.0,27.0,28.0,27.0,20.0,22.0,18.0,32.0,29.0,25.0,14.0,31.0,23.0,27.0,26.0,19.0,24.0,20.0,23.0,17.0,17.0,18.0,18.0,15.0,17.0,17.0,23.0,24.0,24.0,33.0,17.0,18.0,24.0,21.0,21.0,23.0,19.0
94624,65.0,51.0,59.0,64.0,62.0,44.0,44.0,51.0,50.0,49.0,47.0,52.0,35.0,37.0,20.0,42.0,40.0,44.0,44.0,56.0,52.0,29.0,36.0,36.0,36.0,42.0,28.0,36.0,30.0,30.0,42.0,46.0,62.0,48.0,43.0,48.0,46.0,43.0,52.0,50.0,44.0,44.0,38.0,36.0,25.0,39.0,41.0,35.0,23.0,41.0,32.0,32.0,32.0,39.0,36.0,51.0,33.0,30.0,26.0,30.0,56.0,43.0,33.0,32.0,45.0,34.0,38.0,43.0,53.0,35.0,45.0,34.0,37.0,52.0,53.0,57.0,64.0,57.0,54.0,57.0,65.0,59.0,45.0,60.0,69.0,65.0,49.0,50.0,57.0,56.0,61.0,72.0,71.0,65.0,75.0,76.0,80.0,68.0,71.0,67.0,54.0,58.0,62.0,49.0,60.0,48.0,61.0,51.0,53.0,61.0,48.0,47.0,41.0,55.0,54.0,51.0,58.0,52.0,55.0,52.0,44.0,69.0,63.0,71.0,57.0,70.0,62.0,55.0,58.0,64.0,66.0,67.0,63.0,66.0,65.0,51.0,55.0,75.0,68.0,81.0,74.0,83.0,67.0,77.0,59.0,75.0,56.0,56.0,71.0,53.0,63.0,72.0,62.0,59.0,70.0,63.0,55.0,64.0,63.0,52.0,64.0,65.0,72.0,55.0,62.0,74.0,65.0,57.0,61.0,56.0,59.0,62.0,62.0,79.0,56.0,63.0,75.0,62.0,68.0,67.0,61.0,55.0
94661,48.0,28.0,26.0,37.0,44.0,26.0,34.0,30.0,29.0,37.0,37.0,42.0,25.0,22.0,24.0,25.0,28.0,35.0,31.0,48.0,25.0,25.0,28.0,23.0,36.0,28.0,36.0,25.0,15.0,11.0,22.0,32.0,51.0,36.0,27.0,30.0,33.0,33.0,33.0,44.0,33.0,27.0,24.0,24.0,25.0,41.0,45.0,47.0,18.0,38.0,36.0,34.0,36.0,38.0,29.0,65.0,27.0,26.0,26.0,43.0,43.0,45.0,29.0,31.0,33.0,29.0,32.0,45.0,39.0,32.0,35.0,38.0,38.0,51.0,55.0,59.0,78.0,82.0,80.0,71.0,65.0,66.0,74.0,79.0,78.0,84.0,80.0,73.0,62.0,80.0,76.0,89.0,81.0,92.0,93.0,85.0,99.0,89.0,95.0,86.0,66.0,69.0,77.0,66.0,65.0,85.0,71.0,71.0,64.0,67.0,77.0,76.0,69.0,68.0,77.0,62.0,71.0,80.0,80.0,73.0,69.0,73.0,77.0,69.0,62.0,73.0,83.0,65.0,57.0,51.0,72.0,89.0,64.0,73.0,75.0,68.0,63.0,70.0,82.0,83.0,86.0,75.0,72.0,51.0,52.0,65.0,75.0,63.0,68.0,63.0,63.0,69.0,76.0,75.0,70.0,84.0,53.0,57.0,67.0,70.0,64.0,65.0,72.0,59.0,61.0,62.0,62.0,62.0,54.0,48.0,51.0,40.0,42.0,57.0,60.0,63.0,61.0,57.0,53.0,53.0,52.0,50.0
94662,26.0,25.0,28.0,34.0,32.0,16.0,21.0,17.0,23.0,18.0,21.0,31.0,20.0,20.0,16.0,22.0,19.0,22.0,23.0,16.0,13.0,14.0,20.0,24.0,27.0,17.0,25.0,11.0,15.0,12.0,8.0,25.0,26.0,19.0,12.0,16.0,14.0,10.0,20.0,29.0,30.0,22.0,23.0,18.0,22.0,20.0,19.0,23.0,16.0,20.0,18.0,15.0,10.0,17.0,17.0,35.0,16.0,15.0,15.0,12.0,25.0,25.0,20.0,13.0,18.0,6.0,15.0,29.0,24.0,14.0,20.0,20.0,25.0,24.0,29.0,25.0,33.0,37.0,27.0,31.0,37.0,30.0,30.0,31.0,33.0,20.0,29.0,25.0,25.0,30.0,35.0,48.0,44.0,48.0,39.0,34.0,43.0,39.0,36.0,34.0,33.0,30.0,41.0,34.0,37.0,34.0,41.0,40.0,32.0,39.0,36.0,42.0,38.0,31.0,35.0,32.0,31.0,42.0,35.0,37.0,37.0,42.0,46.0,39.0,30.0,40.0,44.0,37.0,33.0,34.0,36.0,38.0,42.0,44.0,39.0,30.0,39.0,44.0,56.0,47.0,50.0,52.0,42.0,38.0,43.0,49.0,45.0,45.0,39.0,47.0,40.0,45.0,48.0,44.0,34.0,50.0,32.0,35.0,43.0,40.0,45.0,35.0,36.0,36.0,32.0,35.0,33.0,24.0,34.0,23.0,29.0,30.0,30.0,31.0,32.0,37.0,35.0,36.0,38.0,41.0,33.0,32.0
94701,47.0,35.0,35.0,51.0,51.0,40.0,37.0,39.0,43.0,41.0,38.0,47.0,42.0,29.0,35.0,28.0,25.0,36.0,40.0,39.0,41.0,29.0,31.0,33.0,39.0,58.0,35.0,25.0,29.0,35.0,43.0,61.0,65.0,52.0,43.0,44.0,49.0,39.0,52.0,58.0,51.0,34.0,37.0,39.0,34.0,45.0,46.0,36.0,34.0,37.0,36.0,38.0,47.0,50.0,41.0,66.0,43.0,39.0,38.0,45.0,83.0,61.0,51.0,65.0,57.0,68.0,74.0,69.0,57.0,67.0,78.0,57.0,65.0,80.0,81.0,61.0,81.0,75.0,73.0,65.0,72.0,62.0,63.0,70.0,70.0,64.0,64.0,60.0,60.0,67.0,62.0,74.0,82.0,73.0,75.0,80.0,74.0,79.0,72.0,75.0,67.0,80.0,68.0,68.0,79.0,74.0,75.0,83.0,74.0,78.0,74.0,75.0,80.0,78.0,75.0,69.0,71.0,61.0,64.0,70.0,68.0,79.0,83.0,60.0,75.0,72.0,87.0,76.0,74.0,80.0,76.0,76.0,77.0,64.0,73.0,64.0,70.0,76.0,68.0,73.0,73.0,76.0,64.0,61.0,61.0,62.0,64.0,62.0,65.0,57.0,65.0,68.0,56.0,53.0,58.0,62.0,61.0,64.0,69.0,64.0,58.0,64.0,60.0,49.0,53.0,53.0,44.0,57.0,50.0,44.0,42.0,42.0,50.0,62.0,46.0,51.0,50.0,47.0,52.0,54.0,46.0,37.0
94702,155.0,119.0,133.0,147.0,136.0,109.0,112.0,122.0,115.0,106.0,143.0,130.0,114.0,108.0,86.0,101.0,101.0,125.0,115.0,122.0,113.0,85.0,87.0,96.0,128.0,108.0,115.0,80.0,59.0,70.0,69.0,151.0,147.0,123.0,138.0,112.0,94.0,120.0,133.0,166.0,108.0,97.0,109.0,124.0,109.0,127.0,121.0,123.0,99.0,92.0,99.0,89.0,102.0,116.0,116.0,150.0,71.0,91.0,92.0,93.0,146.0,129.0,88.0,88.0,104.0,83.0,103.0,126.0,95.0,94.0,69.0,108.0,112.0,131.0,142.0,133.0,169.0,158.0,142.0,142.0,159.0,165.0,125.0,175.0,170.0,150.0,136.0,156.0,177.0,169.0,155.0,207.0,177.0,186.0,215.0,194.0,199.0,189.0,172.0,186.0,158.0,178.0,189.0,181.0,168.0,161.0,154.0,140.0,160.0,176.0,165.0,183.0,152.0,158.0,166.0,155.0,165.0,176.0,179.0,165.0,160.0,169.0,177.0,174.0,174.0,181.0,196.0,197.0,178.0,156.0,151.0,208.0,172.0,153.0,179.0,170.0,140.0,210.0,194.0,195.0,201.0,192.0,171.0,181.0,169.0,209.0,172.0,179.0,183.0,184.0,195.0,179.0,207.0,183.0,179.0,158.0,172.0,157.0,177.0,174.0,151.0,170.0,159.0,177.0,183.0,152.0,166.0,171.0,157.0,134.0,136.0,151.0,155.0,168.0,160.0,142.0,164.0,154.0,141.0,164.0,153.0,159.0
94703,266.0,188.0,181.0,192.0,214.0,167.0,163.0,193.0,168.0,155.0,178.0,200.0,131.0,126.0,107.0,122.0,141.0,164.0,143.0,165.0,135.0,133.0,110.0,145.0,148.0,159.0,135.0,106.0,102.0,98.0,95.0,173.0,210.0,173.0,162.0,159.0,143.0,142.0,197.0,213.0,180.0,153.0,164.0,160.0,148.0,160.0,193.0,139.0,141.0,161.0,151.0,153.0,137.0,162.0,156.0,226.0,143.0,131.0,132.0,131.0,230.0,212.0,179.0,164.0,162.0,159.0,178.0,204.0,175.0,165.0,160.0,164.0,168.0,224.0,208.0,188.0,262.0,207.0,235.0,212.0,216.0,224.0,220.0,256.0,246.0,235.0,227.0,218.0,220.0,239.0,221.0,295.0,288.0,306.0,311.0,301.0,306.0,285.0,288.0,298.0,223.0,255.0,266.0,247.0,240.0,241.0,264.0,247.0,241.0,271.0,250.0,260.0,255.0,249.0,254.0,259.0,224.0,265.0,252.0,230.0,237.0,276.0,248.0,251.0,255.0,263.0,295.0,251.0,264.0,240.0,229.0,294.0,284.0,261.0,270.0,224.0,234.0,282.0,320.0,297.0,325.0,298.0,252.0,263.0,225.0,275.0,238.0,261.0,283.0,235.0,244.0,248.0,269.0,268.0,253.0,267.0,250.0,237.0,253.0,277.0,238.0,254.0,272.0,275.0,263.0,251.0,242.0,267.0,252.0,226.0,217.0,218.0,208.0,266.0,249.0,248.0,241.0,251.0,212.0,252.0,229.0,237.0
94704,66.0,56.0,55.0,57.0,68.0,51.0,56.0,71.0,55.0,58.0,68.0,78.0,68.0,36.0,31.0,59.0,63.0,54.0,66.0,100.0,70.0,58.0,63.0,75.0,107.0,121.0,65.0,67.0,64.0,60.0,55.0,76.0,89.0,97.0,86.0,65.0,60.0,64.0,77.0,88.0,78.0,70.0,74.0,79.0,54.0,51.0,71.0,82.0,46.0,68.0,61.0,55.0,70.0,74.0,63.0,120.0,64.0,65.0,51.0,60.0,201.0,148.0,137.0,129.0,154.0,147.0,195.0,207.0,165.0,212.0,213.0,198.0,170.0,177.0,140.0,133.0,168.0,120.0,136.0,108.0,109.0,94.0,71.0,106.0,108.0,93.0,101.0,93.0,113.0,109.0,94.0,128.0,119.0,135.0,113.0,131.0,127.0,105.0,110.0,117.0,93.0,115.0,101.0,106.0,115.0,109.0,111.0,106.0,95.0,106.0,104.0,112.0,84.0,102.0,93.0,84.0,85.0,93.0,100.0,95.0,96.0,103.0,115.0,100.0,109.0,114.0,123.0,109.0,111.0,93.0,104.0,127.0,119.0,116.0,124.0,83.0,85.0,110.0,115.0,111.0,104.0,101.0,84.0,95.0,70.0,96.0,83.0,95.0,80.0,85.0,64.0,66.0,82.0,73.0,54.0,76.0,65.0,59.0,73.0,74.0,66.0,65.0,72.0,79.0,73.0,65.0,64.0,61.0,71.0,58.0,48.0,60.0,52.0,79.0,49.0,52.0,77.0,64.0,58.0,50.0,52.0,60.0
94705,102.0,84.0,79.0,97.0,100.0,120.0,102.0,81.0,104.0,82.0,77.0,95.0,70.0,89.0,58.0,73.0,89.0,69.0,74.0,87.0,81.0,80.0,68.0,82.0,76.0,82.0,62.0,47.0,59.0,39.0,72.0,111.0,133.0,103.0,83.0,75.0,113.0,91.0,87.0,110.0,80.0,85.0,92.0,85.0,62.0,95.0,89.0,73.0,75.0,84.0,72.0,84.0,60.0,62.0,70.0,126.0,69.0,81.0,75.0,55.0,134.0,113.0,74.0,79.0,78.0,75.0,95.0,96.0,90.0,90.0,98.0,90.0,85.0,90.0,110.0,110.0,141.0,126.0,136.0,127.0,136.0,132.0,110.0,143.0,144.0,124.0,116.0,118.0,129.0,135.0,129.0,173.0,137.0,141.0,136.0,135.0,155.0,142.0,151.0,158.0,139.0,150.0,139.0,141.0,146.0,137.0,122.0,147.0,124.0,155.0,139.0,164.0,120.0,140.0,147.0,131.0,108.0,139.0,145.0,138.0,134.0,142.0,153.0,147.0,141.0,162.0,165.0,142.0,141.0,131.0,130.0,165.0,150.0,137.0,138.0,144.0,127.0,154.0,163.0,155.0,174.0,149.0,116.0,137.0,111.0,140.0,140.0,132.0,143.0,133.0,129.0,111.0,154.0,135.0,142.0,111.0,120.0,107.0,113.0,131.0,142.0,128.0,137.0,119.0,120.0,113.0,126.0,113.0,125.0,105.0,84.0,92.0,94.0,144.0,111.0,100.0,134.0,114.0,107.0,103.0,93.0,83.0
94706,161.0,107.0,125.0,124.0,146.0,116.0,88.0,89.0,109.0,102.0,145.0,153.0,89.0,98.0,93.0,79.0,98.0,110.0,130.0,129.0,94.0,89.0,83.0,71.0,101.0,118.0,83.0,63.0,64.0,67.0,75.0,128.0,163.0,97.0,127.0,108.0,96.0,98.0,120.0,178.0,96.0,96.0,90.0,103.0,81.0,118.0,137.0,121.0,103.0,100.0,96.0,128.0,104.0,115.0,97.0,202.0,90.0,101.0,81.0,100.0,183.0,113.0,94.0,96.0,87.0,106.0,122.0,148.0,107.0,86.0,100.0,108.0,122.0,163.0,190.0,164.0,236.0,222.0,208.0,221.0,249.0,228.0,186.0,237.0,221.0,200.0,203.0,225.0,214.0,217.0,223.0,281.0,269.0,266.0,278.0,284.0,268.0,263.0,256.0,278.0,249.0,256.0,270.0,256.0,247.0,253.0,257.0,244.0,219.0,258.0,229.0,263.0,240.0,240.0,252.0,240.0,222.0,244.0,239.0,237.0,213.0,231.0,239.0,262.0,241.0,271.0,254.0,235.0,228.0,216.0,220.0,291.0,250.0,228.0,238.0,210.0,189.0,273.0,259.0,267.0,271.0,222.0,210.0,226.0,186.0,216.0,232.0,227.0,253.0,223.0,202.0,210.0,251.0,232.0,237.0,213.0,208.0,214.0,229.0,202.0,196.0,217.0,215.0,198.0,213.0,207.0,202.0,195.0,205.0,174.0,175.0,192.0,175.0,222.0,206.0,186.0,219.0,189.0,181.0,188.0,178.0,158.0
94707,74.0,69.0,68.0,77.0,83.0,66.0,44.0,64.0,40.0,46.0,59.0,80.0,44.0,29.0,29.0,48.0,35.0,56.0,53.0,68.0,26.0,21.0,24.0,54.0,45.0,51.0,37.0,31.0,30.0,28.0,25.0,49.0,59.0,55.0,55.0,43.0,39.0,59.0,66.0,70.0,62.0,43.0,50.0,46.0,36.0,36.0,49.0,36.0,46.0,45.0,48.0,39.0,37.0,55.0,32.0,89.0,33.0,39.0,33.0,41.0,78.0,69.0,70.0,70.0,72.0,73.0,81.0,100.0,77.0,56.0,51.0,70.0,82.0,94.0,92.0,82.0,103.0,85.0,88.0,87.0,103.0,103.0,104.0,119.0,88.0,99.0,89.0,93.0,94.0,100.0,109.0,115.0,136.0,119.0,122.0,114.0,98.0,91.0,94.0,108.0,92.0,89.0,107.0,92.0,89.0,74.0,101.0,77.0,105.0,92.0,98.0,90.0,90.0,86.0,78.0,106.0,82.0,93.0,93.0,89.0,80.0,106.0,101.0,101.0,105.0,106.0,120.0,105.0,101.0,107.0,112.0,149.0,104.0,106.0,120.0,86.0,102.0,126.0,130.0,136.0,139.0,117.0,104.0,127.0,96.0,126.0,117.0,112.0,107.0,104.0,131.0,130.0,139.0,132.0,136.0,108.0,120.0,115.0,117.0,136.0,114.0,143.0,132.0,139.0,119.0,114.0,123.0,127.0,129.0,121.0,86.0,117.0,99.0,113.0,115.0,117.0,108.0,127.0,103.0,112.0,135.0,110.0
94708,45.0,36.0,51.0,44.0,58.0,55.0,42.0,42.0,32.0,38.0,47.0,51.0,49.0,46.0,35.0,34.0,44.0,52.0,53.0,66.0,41.0,38.0,27.0,23.0,41.0,43.0,31.0,39.0,32.0,31.0,34.0,46.0,59.0,40.0,38.0,32.0,24.0,33.0,42.0,57.0,21.0,27.0,25.0,26.0,15.0,38.0,44.0,53.0,29.0,27.0,23.0,51.0,36.0,38.0,35.0,73.0,32.0,36.0,36.0,31.0,52.0,41.0,37.0,41.0,36.0,39.0,46.0,51.0,52.0,39.0,27.0,47.0,48.0,60.0,75.0,73.0,83.0,78.0,67.0,76.0,83.0,75.0,50.0,83.0,86.0,72.0,54.0,62.0,76.0,83.0,78.0,97.0,77.0,105.0,105.0,97.0,101.0,93.0,90.0,94.0,86.0,82.0,88.0,88.0,82.0,85.0,92.0,90.0,94.0,99.0,95.0,111.0,75.0,94.0,80.0,93.0,84.0,95.0,93.0,84.0,72.0,80.0,91.0,97.0,99.0,111.0,115.0,72.0,84.0,84.0,86.0,114.0,85.0,90.0,89.0,74.0,79.0,126.0,98.0,100.0,106.0,92.0,78.0,83.0,79.0,77.0,92.0,88.0,98.0,92.0,86.0,101.0,107.0,98.0,103.0,100.0,82.0,78.0,84.0,99.0,104.0,102.0,93.0,87.0,98.0,107.0,100.0,85.0,106.0,74.0,74.0,79.0,72.0,115.0,91.0,78.0,91.0,79.0,94.0,98.0,77.0,79.0
94709,100.0,86.0,82.0,99.0,124.0,77.0,60.0,78.0,82.0,89.0,106.0,85.0,47.0,66.0,49.0,73.0,83.0,74.0,54.0,105.0,61.0,59.0,63.0,82.0,91.0,72.0,71.0,71.0,44.0,53.0,68.0,90.0,80.0,58.0,73.0,82.0,69.0,63.0,97.0,77.0,79.0,68.0,62.0,71.0,64.0,59.0,64.0,71.0,59.0,73.0,65.0,84.0,66.0,74.0,63.0,90.0,81.0,70.0,77.0,54.0,142.0,125.0,85.0,74.0,86.0,62.0,69.0,106.0,80.0,85.0,94.0,84.0,102.0,87.0,107.0,92.0,113.0,92.0,106.0,92.0,93.0,89.0,64.0,87.0,105.0,80.0,84.0,72.0,90.0,87.0,102.0,127.0,108.0,113.0,97.0,115.0,111.0,110.0,104.0,112.0,100.0,99.0,103.0,104.0,107.0,101.0,103.0,97.0,95.0,105.0,84.0,119.0,86.0,93.0,103.0,111.0,95.0,93.0,88.0,88.0,89.0,102.0,110.0,95.0,94.0,121.0,110.0,103.0,104.0,105.0,99.0,122.0,125.0,85.0,105.0,89.0,84.0,112.0,121.0,111.0,112.0,99.0,106.0,86.0,87.0,93.0,85.0,91.0,96.0,78.0,72.0,73.0,91.0,91.0,84.0,85.0,74.0,69.0,98.0,93.0,90.0,87.0,88.0,103.0,77.0,75.0,88.0,73.0,75.0,72.0,67.0,71.0,80.0,97.0,90.0,70.0,92.0,90.0,94.0,93.0,72.0,68.0
94710,128.0,108.0,108.0,102.0,125.0,96.0,98.0,95.0,93.0,90.0,93.0,115.0,78.0,70.0,63.0,72.0,75.0,85.0,72.0,61.0,66.0,71.0,61.0,63.0,78.0,78.0,75.0,67.0,68.0,48.0,51.0,79.0,105.0,86.0,82.0,74.0,65.0,66.0,116.0,113.0,86.0,100.0,99.0,110.0,77.0,83.0,93.0,89.0,68.0,80.0,78.0,87.0,94.0,87.0,81.0,104.0,90.0,75.0,61.0,78.0,125.0,106.0,85.0,67.0,61.0,73.0,68.0,81.0,87.0,79.0,61.0,67.0,75.0,79.0,91.0,82.0,110.0,86.0,92.0,85.0,87.0,97.0,73.0,104.0,91.0,92.0,92.0,96.0,103.0,99.0,102.0,144.0,132.0,140.0,128.0,129.0,128.0,127.0,117.0,110.0,121.0,111.0,124.0,116.0,99.0,104.0,104.0,95.0,87.0,90.0,100.0,101.0,96.0,88.0,97.0,101.0,80.0,85.0,92.0,97.0,95.0,119.0,123.0,111.0,112.0,125.0,120.0,92.0,101.0,87.0,82.0,113.0,105.0,131.0,126.0,111.0,110.0,123.0,126.0,116.0,124.0,118.0,105.0,96.0,82.0,106.0,113.0,109.0,114.0,107.0,89.0,106.0,125.0,128.0,109.0,112.0,109.0,100.0,95.0,95.0,120.0,112.0,104.0,108.0,103.0,109.0,93.0,110.0,88.0,92.0,81.0,87.0,96.0,111.0,113.0,93.0,99.0,120.0,105.0,87.0,90.0,114.0
94720,21.0,22.0,27.0,18.0,16.0,21.0,19.0,25.0,17.0,17.0,19.0,25.0,16.0,11.0,10.0,22.0,19.0,27.0,38.0,52.0,54.0,46.0,24.0,61.0,58.0,22.0,25.0,20.0,18.0,18.0,8.0,13.0,21.0,30.0,21.0,25.0,25.0,22.0,31.0,22.0,25.0,17.0,28.0,22.0,22.0,26.0,19.0,28.0,17.0,21.0,19.0,20.0,18.0,19.0,19.0,47.0,47.0,17.0,17.0,21.0,37.0,47.0,38.0,23.0,33.0,31.0,30.0,44.0,45.0,54.0,36.0,38.0,38.0,27.0,40.0,40.0,43.0,36.0,27.0,20.0,18.0,19.0,19.0,21.0,20.0,18.0,17.0,24.0,21.0,24.0,34.0,28.0,29.0,37.0,35.0,25.0,30.0,28.0,33.0,32.0,26.0,28.0,28.0,26.0,28.0,23.0,27.0,24.0,31.0,29.0,25.0,31.0,28.0,34.0,26.0,30.0,26.0,32.0,31.0,28.0,25.0,34.0,35.0,32.0,25.0,30.0,34.0,30.0,23.0,26.0,22.0,15.0,20.0,31.0,28.0,18.0,17.0,23.0,26.0,23.0,22.0,24.0,26.0,16.0,18.0,23.0,17.0,14.0,17.0,19.0,23.0,23.0,20.0,18.0,11.0,19.0,21.0,16.0,24.0,18.0,17.0,22.0,19.0,19.0,17.0,14.0,10.0,15.0,15.0,15.0,10.0,14.0,11.0,11.0,17.0,12.0,13.0,21.0,15.0,8.0,13.0,9.0
